   23.49;   1.69; 1950;  1; 0
   23.83;   1.63; 1950;  1; 1
   24.14;   1.53; 1950;  1; 2
   24.44;   1.38; 1950;  1; 3
   24.69;   1.19; 1950;  1; 4
   24.91;    .97; 1950;  2; 0
   25.08;    .73; 1950;  2; 1
   25.20;    .46; 1950;  2; 2
   25.27;    .19; 1950;  2; 3
   25.28;   -.08; 1950;  2; 4
   25.23;   -.34; 1950;  3; 0
   25.14;   -.59; 1950;  3; 1
   25.00;   -.81; 1950;  3; 2
   24.82;  -1.00; 1950;  3; 3
   24.60;  -1.15; 1950;  3; 4
   24.36;  -1.28; 1950;  4; 0
   24.09;  -1.37; 1950;  4; 1
   23.81;  -1.43; 1950;  4; 2
   23.52;  -1.46; 1950;  4; 3
   23.23;  -1.47; 1950;  4; 4
   22.94;  -1.46; 1950;  5; 0
   22.65;  -1.44; 1950;  5; 1
   22.36;  -1.41; 1950;  5; 2
   22.08;  -1.37; 1950;  5; 3
   21.81;  -1.33; 1950;  5; 4
   21.55;  -1.28; 1950;  6; 0
   21.30;  -1.23; 1950;  6; 1
   21.06;  -1.18; 1950;  6; 2
   20.83;  -1.12; 1950;  6; 3
   20.61;  -1.05; 1950;  6; 4
   20.41;   -.97; 1950;  7; 0
   20.22;   -.88; 1950;  7; 1
   20.05;   -.78; 1950;  7; 2
   19.91;   -.67; 1950;  7; 3
   19.78;   -.56; 1950;  7; 4
   19.69;   -.43; 1950;  8; 0
   19.61;   -.30; 1950;  8; 1
   19.56;   -.17; 1950;  8; 2
   19.54;   -.05; 1950;  8; 3
   19.55;    .08; 1950;  8; 4
   19.57;    .20; 1950;  9; 0
   19.62;    .31; 1950;  9; 1
   19.70;    .41; 1950;  9; 2
   19.79;    .51; 1950;  9; 3
   19.90;    .60; 1950;  9; 4
   20.03;    .69; 1950; 10; 0
   20.17;    .77; 1950; 10; 1
   20.34;    .87; 1950; 10; 2
   20.52;    .96; 1950; 10; 3
   20.72;   1.07; 1950; 10; 4
   20.95;   1.18; 1950; 11; 0
   21.20;   1.30; 1950; 11; 1
   21.47;   1.43; 1950; 11; 2
   21.77;   1.56; 1950; 11; 3
   22.10;   1.70; 1950; 11; 4
   22.45;   1.82; 1950; 12; 0
   22.82;   1.93; 1950; 12; 1
   23.22;   2.01; 1950; 12; 2
   23.63;   2.07; 1950; 12; 3
   24.04;   2.09; 1950; 12; 4
   24.46;   2.07; 1951;  1; 0
   24.87;   2.01; 1951;  1; 1
   25.26;   1.90; 1951;  1; 2
   25.63;   1.75; 1951;  1; 3
   25.96;   1.56; 1951;  1; 4
   26.25;   1.34; 1951;  2; 0
   26.49;   1.08; 1951;  2; 1
   26.68;    .81; 1951;  2; 2
   26.82;    .53; 1951;  2; 3
   26.90;    .25; 1951;  2; 4
   26.92;   -.02; 1951;  3; 0
   26.89;   -.27; 1951;  3; 1
   26.81;   -.50; 1951;  3; 2
   26.69;   -.71; 1951;  3; 3
   26.53;   -.88; 1951;  3; 4
   26.34;  -1.01; 1951;  4; 0
   26.13;  -1.12; 1951;  4; 1
   25.89;  -1.19; 1951;  4; 2
   25.65;  -1.24; 1951;  4; 3
   25.40;  -1.27; 1951;  4; 4
   25.14;  -1.28; 1951;  5; 0
   24.89;  -1.28; 1951;  5; 1
   24.63;  -1.27; 1951;  5; 2
   24.38;  -1.25; 1951;  5; 3
   24.13;  -1.22; 1951;  5; 4
   23.89;  -1.20; 1951;  6; 0
   23.65;  -1.17; 1951;  6; 1
   23.42;  -1.13; 1951;  6; 2
   23.20;  -1.09; 1951;  6; 3
   22.98;  -1.05; 1951;  6; 4
   22.78;   -.99; 1951;  7; 0
   22.59;   -.93; 1951;  7; 1
   22.41;   -.85; 1951;  7; 2
   22.25;   -.76; 1951;  7; 3
   22.10;   -.67; 1951;  7; 4
   21.98;   -.57; 1951;  8; 0
   21.88;   -.46; 1951;  8; 1
   21.80;   -.36; 1951;  8; 2
   21.73;   -.25; 1951;  8; 3
   21.69;   -.15; 1951;  8; 4
   21.67;   -.05; 1951;  9; 0
   21.67;    .04; 1951;  9; 1
   21.69;    .12; 1951;  9; 2
   21.72;    .20; 1951;  9; 3
   21.77;    .27; 1951;  9; 4
   21.83;    .34; 1951; 10; 0
   21.90;    .41; 1951; 10; 1
   21.99;    .48; 1951; 10; 2
   22.09;    .56; 1951; 10; 3
   22.21;    .65; 1951; 10; 4
   22.35;    .75; 1951; 11; 0
   22.51;    .86; 1951; 11; 1
   22.70;    .97; 1951; 11; 2
   22.90;   1.09; 1951; 11; 3
   23.13;   1.21; 1951; 11; 4
   23.39;   1.32; 1951; 12; 0
   23.66;   1.42; 1951; 12; 1
   23.95;   1.50; 1951; 12; 2
   24.26;   1.55; 1951; 12; 3
   24.57;   1.57; 1951; 12; 4
   24.88;   1.54; 1952;  1; 0
   25.19;   1.48; 1952;  1; 1
   25.47;   1.37; 1952;  1; 2
   25.73;   1.22; 1952;  1; 3
   25.96;   1.03; 1952;  1; 4
   26.15;    .81; 1952;  2; 0
   26.28;    .56; 1952;  2; 1
   26.37;    .30; 1952;  2; 2
   26.40;    .03; 1952;  2; 3
   26.38;   -.25; 1952;  2; 4
   26.30;   -.51; 1952;  3; 0
   26.18;   -.75; 1952;  3; 1
   26.00;   -.97; 1952;  3; 2
   25.79;  -1.16; 1952;  3; 3
   25.54;  -1.32; 1952;  3; 4
   25.27;  -1.44; 1952;  4; 0
   24.97;  -1.53; 1952;  4; 1
   24.66;  -1.58; 1952;  4; 2
   24.34;  -1.61; 1952;  4; 3
   24.01;  -1.62; 1952;  4; 4
   23.69;  -1.61; 1952;  5; 0
   23.37;  -1.59; 1952;  5; 1
   23.06;  -1.55; 1952;  5; 2
   22.75;  -1.51; 1952;  5; 3
   22.45;  -1.46; 1952;  5; 4
   22.17;  -1.41; 1952;  6; 0
   21.89;  -1.35; 1952;  6; 1
   21.63;  -1.29; 1952;  6; 2
   21.37;  -1.23; 1952;  6; 3
   21.14;  -1.15; 1952;  6; 4
   20.91;  -1.07; 1952;  7; 0
   20.71;   -.98; 1952;  7; 1
   20.52;   -.87; 1952;  7; 2
   20.36;   -.76; 1952;  7; 3
   20.22;   -.64; 1952;  7; 4
   20.10;   -.51; 1952;  8; 0
   20.02;   -.38; 1952;  8; 1
   19.95;   -.25; 1952;  8; 2
   19.92;   -.11; 1952;  8; 3
   19.91;    .01; 1952;  8; 4
   19.92;    .14; 1952;  9; 0
   19.96;    .25; 1952;  9; 1
   20.02;    .36; 1952;  9; 2
   20.10;    .46; 1952;  9; 3
   20.20;    .55; 1952;  9; 4
   20.32;    .64; 1952; 10; 0
   20.46;    .73; 1952; 10; 1
   20.62;    .82; 1952; 10; 2
   20.79;    .92; 1952; 10; 3
   20.99;   1.03; 1952; 10; 4
   21.20;   1.14; 1952; 11; 0
   21.45;   1.27; 1952; 11; 1
   21.71;   1.40; 1952; 11; 2
   22.00;   1.53; 1952; 11; 3
   22.32;   1.66; 1952; 11; 4
   22.67;   1.78; 1952; 12; 0
   23.03;   1.89; 1952; 12; 1
   23.42;   1.97; 1952; 12; 2
   23.82;   2.02; 1952; 12; 3
   24.23;   2.04; 1952; 12; 4
   24.64;   2.02; 1953;  1; 0
   25.04;   1.96; 1953;  1; 1
   25.42;   1.85; 1953;  1; 2
   25.77;   1.70; 1953;  1; 3
   26.09;   1.51; 1953;  1; 4
   26.37;   1.28; 1953;  2; 0
   26.60;   1.02; 1953;  2; 1
   26.78;    .75; 1953;  2; 2
   26.90;    .47; 1953;  2; 3
   26.97;    .18; 1953;  2; 4
   26.98;   -.09; 1953;  3; 0
   26.93;   -.35; 1953;  3; 1
   26.84;   -.58; 1953;  3; 2
   26.70;   -.79; 1953;  3; 3
   26.53;   -.96; 1953;  3; 4
   26.32;  -1.10; 1953;  4; 0
   26.09;  -1.21; 1953;  4; 1
   25.84;  -1.29; 1953;  4; 2
   25.57;  -1.35; 1953;  4; 3
   25.30;  -1.38; 1953;  4; 4
   25.02;  -1.39; 1953;  5; 0
   24.74;  -1.39; 1953;  5; 1
   24.47;  -1.38; 1953;  5; 2
   24.19;  -1.36; 1953;  5; 3
   23.92;  -1.34; 1953;  5; 4
   23.66;  -1.32; 1953;  6; 0
   23.40;  -1.29; 1953;  6; 1
   23.14;  -1.25; 1953;  6; 2
   22.89;  -1.21; 1953;  6; 3
   22.66;  -1.17; 1953;  6; 4
   22.43;  -1.11; 1953;  7; 0
   22.21;  -1.05; 1953;  7; 1
   22.01;   -.97; 1953;  7; 2
   21.82;   -.89; 1953;  7; 3
   21.65;   -.79; 1953;  7; 4
   21.51;   -.69; 1953;  8; 0
   21.38;   -.59; 1953;  8; 1
   21.27;   -.48; 1953;  8; 2
   21.19;   -.37; 1953;  8; 3
   21.12;   -.27; 1953;  8; 4
   21.08;   -.17; 1953;  9; 0
   21.06;   -.08; 1953;  9; 1
   21.05;    .01; 1953;  9; 2
   21.06;    .09; 1953;  9; 3
   21.08;    .16; 1953;  9; 4
   21.12;    .24; 1953; 10; 0
   21.18;    .31; 1953; 10; 1
   21.25;    .39; 1953; 10; 2
   21.33;    .47; 1953; 10; 3
   21.44;    .56; 1953; 10; 4
   21.56;    .67; 1953; 11; 0
   21.70;    .78; 1953; 11; 1
   21.87;    .90; 1953; 11; 2
   22.06;   1.02; 1953; 11; 3
   22.28;   1.14; 1953; 11; 4
   22.52;   1.26; 1953; 12; 0
   22.78;   1.36; 1953; 12; 1
   23.07;   1.44; 1953; 12; 2
   23.36;   1.50; 1953; 12; 3
   23.66;   1.52; 1953; 12; 4
   23.97;   1.50; 1954;  1; 0
   24.26;   1.44; 1954;  1; 1
   24.54;   1.34; 1954;  1; 2
   24.79;   1.19; 1954;  1; 3
   25.01;   1.01; 1954;  1; 4
   25.19;    .79; 1954;  2; 0
   25.33;    .54; 1954;  2; 1
   25.41;    .28; 1954;  2; 2
   25.44;    .01; 1954;  2; 3
   25.41;   -.26; 1954;  2; 4
   25.34;   -.52; 1954;  3; 0
   25.21;   -.76; 1954;  3; 1
   25.03;   -.98; 1954;  3; 2
   24.82;  -1.17; 1954;  3; 3
   24.57;  -1.32; 1954;  3; 4
   24.29;  -1.44; 1954;  4; 0
   23.99;  -1.53; 1954;  4; 1
   23.68;  -1.59; 1954;  4; 2
   23.36;  -1.62; 1954;  4; 3
   23.03;  -1.63; 1954;  4; 4
   22.71;  -1.62; 1954;  5; 0
   22.39;  -1.60; 1954;  5; 1
   22.07;  -1.56; 1954;  5; 2
   21.76;  -1.52; 1954;  5; 3
   21.46;  -1.47; 1954;  5; 4
   21.17;  -1.42; 1954;  6; 0
   20.89;  -1.37; 1954;  6; 1
   20.62;  -1.31; 1954;  6; 2
   20.37;  -1.25; 1954;  6; 3
   20.12;  -1.18; 1954;  6; 4
   19.90;  -1.10; 1954;  7; 0
   19.68;  -1.01; 1954;  7; 1
   19.49;   -.91; 1954;  7; 2
   19.32;   -.80; 1954;  7; 3
   19.17;   -.69; 1954;  7; 4
   19.05;   -.56; 1954;  8; 0
   18.95;   -.44; 1954;  8; 1
   18.87;   -.31; 1954;  8; 2
   18.82;   -.18; 1954;  8; 3
   18.80;   -.06; 1954;  8; 4
   18.80;    .06; 1954;  9; 0
   18.82;    .17; 1954;  9; 1
   18.86;    .27; 1954;  9; 2
   18.93;    .37; 1954;  9; 3
   19.01;    .46; 1954;  9; 4
   19.11;    .54; 1954; 10; 0
   19.23;    .63; 1954; 10; 1
   19.36;    .72; 1954; 10; 2
   19.52;    .82; 1954; 10; 3
   19.69;    .92; 1954; 10; 4
   19.89;   1.03; 1954; 11; 0
   20.10;   1.15; 1954; 11; 1
   20.35;   1.28; 1954; 11; 2
   20.62;   1.41; 1954; 11; 3
   20.91;   1.53; 1954; 11; 4
   21.23;   1.65; 1954; 12; 0
   21.57;   1.76; 1954; 12; 1
   21.93;   1.84; 1954; 12; 2
   22.30;   1.90; 1954; 12; 3
   22.69;   1.91; 1954; 12; 4
   23.07;   1.89; 1955;  1; 0
   23.44;   1.83; 1955;  1; 1
   23.80;   1.72; 1955;  1; 2
   24.13;   1.57; 1955;  1; 3
   24.43;   1.39; 1955;  1; 4
   24.68;   1.16; 1955;  2; 0
   24.89;    .91; 1955;  2; 1
   25.04;    .64; 1955;  2; 2
   25.15;    .36; 1955;  2; 3
   25.19;    .08; 1955;  2; 4
   25.18;   -.18; 1955;  3; 0
   25.12;   -.44; 1955;  3; 1
   25.01;   -.67; 1955;  3; 2
   24.85;   -.87; 1955;  3; 3
   24.66;  -1.03; 1955;  3; 4
   24.44;  -1.17; 1955;  4; 0
   24.20;  -1.27; 1955;  4; 1
   23.94;  -1.34; 1955;  4; 2
   23.66;  -1.39; 1955;  4; 3
   23.38;  -1.41; 1955;  4; 4
   23.10;  -1.41; 1955;  5; 0
   22.82;  -1.40; 1955;  5; 1
   22.54;  -1.38; 1955;  5; 2
   22.26;  -1.36; 1955;  5; 3
   22.00;  -1.32; 1955;  5; 4
   21.73;  -1.29; 1955;  6; 0
   21.48;  -1.25; 1955;  6; 1
   21.23;  -1.20; 1955;  6; 2
   21.00;  -1.15; 1955;  6; 3
   20.77;  -1.10; 1955;  6; 4
   20.56;  -1.03; 1955;  7; 0
   20.36;   -.96; 1955;  7; 1
   20.18;   -.87; 1955;  7; 2
   20.01;   -.78; 1955;  7; 3
   19.87;   -.67; 1955;  7; 4
   19.74;   -.56; 1955;  8; 0
   19.64;   -.45; 1955;  8; 1
   19.57;   -.33; 1955;  8; 2
   19.51;   -.21; 1955;  8; 3
   19.48;   -.10; 1955;  8; 4
   19.47;    .01; 1955;  9; 0
   19.48;    .11; 1955;  9; 1
   19.51;    .20; 1955;  9; 2
   19.56;    .29; 1955;  9; 3
   19.63;    .37; 1955;  9; 4
   19.71;    .46; 1955; 10; 0
   19.81;    .54; 1955; 10; 1
   19.93;    .62; 1955; 10; 2
   20.06;    .71; 1955; 10; 3
   20.21;    .81; 1955; 10; 4
   20.39;    .92; 1955; 11; 0
   20.58;   1.04; 1955; 11; 1
   20.80;   1.16; 1955; 11; 2
   21.05;   1.29; 1955; 11; 3
   21.32;   1.42; 1955; 11; 4
   21.62;   1.53; 1955; 12; 0
   21.93;   1.64; 1955; 12; 1
   22.27;   1.72; 1955; 12; 2
   22.62;   1.78; 1955; 12; 3
   22.98;   1.80; 1955; 12; 4
   23.34;   1.78; 1956;  1; 0
   23.69;   1.72; 1956;  1; 1
   24.03;   1.62; 1956;  1; 2
   24.34;   1.47; 1956;  1; 3
   24.61;   1.29; 1956;  1; 4
   24.85;   1.07; 1956;  2; 0
   25.04;    .83; 1956;  2; 1
   25.18;    .56; 1956;  2; 2
   25.27;    .29; 1956;  2; 3
   25.30;    .02; 1956;  2; 4
   25.28;   -.24; 1956;  3; 0
   25.20;   -.49; 1956;  3; 1
   25.08;   -.71; 1956;  3; 2
   24.92;   -.90; 1956;  3; 3
   24.72;  -1.06; 1956;  3; 4
   24.50;  -1.18; 1956;  4; 0
   24.25;  -1.28; 1956;  4; 1
   23.99;  -1.34; 1956;  4; 2
   23.72;  -1.38; 1956;  4; 3
   23.44;  -1.39; 1956;  4; 4
   23.16;  -1.39; 1956;  5; 0
   22.89;  -1.37; 1956;  5; 1
   22.62;  -1.34; 1956;  5; 2
   22.35;  -1.30; 1956;  5; 3
   22.10;  -1.26; 1956;  5; 4
   21.85;  -1.21; 1956;  6; 0
   21.61;  -1.16; 1956;  6; 1
   21.38;  -1.11; 1956;  6; 2
   21.17;  -1.05; 1956;  6; 3
   20.96;   -.98; 1956;  6; 4
   20.77;   -.91; 1956;  7; 0
   20.60;   -.82; 1956;  7; 1
   20.45;   -.73; 1956;  7; 2
   20.31;   -.63; 1956;  7; 3
   20.19;   -.52; 1956;  7; 4
   20.10;   -.40; 1956;  8; 0
   20.04;   -.27; 1956;  8; 1
   19.99;   -.15; 1956;  8; 2
   19.98;   -.03; 1956;  8; 3
   19.98;    .09; 1956;  8; 4
   20.01;    .21; 1956;  9; 0
   20.06;    .31; 1956;  9; 1
   20.14;    .41; 1956;  9; 2
   20.23;    .51; 1956;  9; 3
   20.34;    .59; 1956;  9; 4
   20.47;    .68; 1956; 10; 0
   20.61;    .77; 1956; 10; 1
   20.77;    .85; 1956; 10; 2
   20.95;    .95; 1956; 10; 3
   21.15;   1.05; 1956; 10; 4
   21.37;   1.16; 1956; 11; 0
   21.62;   1.28; 1956; 11; 1
   21.89;   1.41; 1956; 11; 2
   22.18;   1.53; 1956; 11; 3
   22.50;   1.66; 1956; 11; 4
   22.84;   1.78; 1956; 12; 0
   23.21;   1.88; 1956; 12; 1
   23.59;   1.96; 1956; 12; 2
   23.99;   2.02; 1956; 12; 3
   24.40;   2.03; 1956; 12; 4
   24.80;   2.01; 1957;  1; 0
   25.20;   1.95; 1957;  1; 1
   25.58;   1.84; 1957;  1; 2
   25.94;   1.69; 1957;  1; 3
   26.26;   1.50; 1957;  1; 4
   26.54;   1.28; 1957;  2; 0
   26.77;   1.03; 1957;  2; 1
   26.95;    .76; 1957;  2; 2
   27.07;    .48; 1957;  2; 3
   27.14;    .20; 1957;  2; 4
   27.16;   -.07; 1957;  3; 0
   27.12;   -.32; 1957;  3; 1
   27.03;   -.55; 1957;  3; 2
   26.90;   -.75; 1957;  3; 3
   26.73;   -.92; 1957;  3; 4
   26.53;  -1.06; 1957;  4; 0
   26.31;  -1.16; 1957;  4; 1
   26.07;  -1.23; 1957;  4; 2
   25.82;  -1.28; 1957;  4; 3
   25.56;  -1.31; 1957;  4; 4
   25.30;  -1.31; 1957;  5; 0
   25.04;  -1.31; 1957;  5; 1
   24.78;  -1.29; 1957;  5; 2
   24.52;  -1.26; 1957;  5; 3
   24.27;  -1.23; 1957;  5; 4
   24.03;  -1.20; 1957;  6; 0
   23.79;  -1.16; 1957;  6; 1
   23.56;  -1.12; 1957;  6; 2
   23.34;  -1.08; 1957;  6; 3
   23.13;  -1.02; 1957;  6; 4
   22.93;   -.96; 1957;  7; 0
   22.75;   -.89; 1957;  7; 1
   22.58;   -.81; 1957;  7; 2
   22.42;   -.72; 1957;  7; 3
   22.29;   -.62; 1957;  7; 4
   22.17;   -.52; 1957;  8; 0
   22.08;   -.41; 1957;  8; 1
   22.01;   -.30; 1957;  8; 2
   21.96;   -.19; 1957;  8; 3
   21.93;   -.08; 1957;  8; 4
   21.93;    .02; 1957;  9; 0
   21.94;    .11; 1957;  9; 1
   21.97;    .20; 1957;  9; 2
   22.02;    .28; 1957;  9; 3
   22.09;    .36; 1957;  9; 4
   22.17;    .44; 1957; 10; 0
   22.26;    .51; 1957; 10; 1
   22.37;    .59; 1957; 10; 2
   22.50;    .67; 1957; 10; 3
   22.64;    .77; 1957; 10; 4
   22.81;    .87; 1957; 11; 0
   22.99;    .98; 1957; 11; 1
   23.20;   1.10; 1957; 11; 2
   23.43;   1.22; 1957; 11; 3
   23.68;   1.33; 1957; 11; 4
   23.96;   1.45; 1957; 12; 0
   24.26;   1.54; 1957; 12; 1
   24.58;   1.62; 1957; 12; 2
   24.91;   1.67; 1957; 12; 3
   25.24;   1.68; 1957; 12; 4
   25.58;   1.66; 1958;  1; 0
   25.91;   1.59; 1958;  1; 1
   26.21;   1.48; 1958;  1; 2
   26.50;   1.33; 1958;  1; 3
   26.74;   1.14; 1958;  1; 4
   26.95;    .92; 1958;  2; 0
   27.11;    .67; 1958;  2; 1
   27.22;    .40; 1958;  2; 2
   27.27;    .13; 1958;  2; 3
   27.27;   -.15; 1958;  2; 4
   27.21;   -.42; 1958;  3; 0
   27.10;   -.67; 1958;  3; 1
   26.95;   -.89; 1958;  3; 2
   26.75;  -1.09; 1958;  3; 3
   26.51;  -1.25; 1958;  3; 4
   26.25;  -1.39; 1958;  4; 0
   25.96;  -1.48; 1958;  4; 1
   25.66;  -1.55; 1958;  4; 2
   25.34;  -1.59; 1958;  4; 3
   25.02;  -1.61; 1958;  4; 4
   24.70;  -1.61; 1958;  5; 0
   24.38;  -1.59; 1958;  5; 1
   24.06;  -1.56; 1958;  5; 2
   23.75;  -1.53; 1958;  5; 3
   23.45;  -1.49; 1958;  5; 4
   23.16;  -1.44; 1958;  6; 0
   22.87;  -1.40; 1958;  6; 1
   22.60;  -1.34; 1958;  6; 2
   22.34;  -1.28; 1958;  6; 3
   22.09;  -1.22; 1958;  6; 4
   21.85;  -1.15; 1958;  7; 0
   21.63;  -1.06; 1958;  7; 1
   21.43;   -.97; 1958;  7; 2
   21.24;   -.87; 1958;  7; 3
   21.08;   -.76; 1958;  7; 4
   20.94;   -.64; 1958;  8; 0
   20.82;   -.52; 1958;  8; 1
   20.73;   -.40; 1958;  8; 2
   20.66;   -.27; 1958;  8; 3
   20.62;   -.15; 1958;  8; 4
   20.60;   -.04; 1958;  9; 0
   20.61;    .07; 1958;  9; 1
   20.63;    .17; 1958;  9; 2
   20.67;    .26; 1958;  9; 3
   20.73;    .35; 1958;  9; 4
   20.81;    .44; 1958; 10; 0
   20.91;    .53; 1958; 10; 1
   21.02;    .62; 1958; 10; 2
   21.16;    .71; 1958; 10; 3
   21.31;    .82; 1958; 10; 4
   21.49;    .93; 1958; 11; 0
   21.68;   1.05; 1958; 11; 1
   21.91;   1.18; 1958; 11; 2
   22.15;   1.30; 1958; 11; 3
   22.43;   1.43; 1958; 11; 4
   22.73;   1.55; 1958; 12; 0
   23.05;   1.65; 1958; 12; 1
   23.39;   1.74; 1958; 12; 2
   23.74;   1.79; 1958; 12; 3
   24.10;   1.81; 1958; 12; 4
   24.46;   1.80; 1959;  1; 0
   24.82;   1.74; 1959;  1; 1
   25.16;   1.63; 1959;  1; 2
   25.47;   1.48; 1959;  1; 3
   25.75;   1.30; 1959;  1; 4
   25.99;   1.08; 1959;  2; 0
   26.18;    .83; 1959;  2; 1
   26.32;    .57; 1959;  2; 2
   26.40;    .29; 1959;  2; 3
   26.43;    .02; 1959;  2; 4
   26.41;   -.25; 1959;  3; 0
   26.34;   -.50; 1959;  3; 1
   26.21;   -.72; 1959;  3; 2
   26.05;   -.92; 1959;  3; 3
   25.85;  -1.09; 1959;  3; 4
   25.62;  -1.22; 1959;  4; 0
   25.36;  -1.32; 1959;  4; 1
   25.09;  -1.39; 1959;  4; 2
   24.80;  -1.44; 1959;  4; 3
   24.52;  -1.46; 1959;  4; 4
   24.22;  -1.46; 1959;  5; 0
   23.93;  -1.45; 1959;  5; 1
   23.65;  -1.42; 1959;  5; 2
   23.36;  -1.39; 1959;  5; 3
   23.09;  -1.36; 1959;  5; 4
   22.82;  -1.32; 1959;  6; 0
   22.56;  -1.27; 1959;  6; 1
   22.31;  -1.23; 1959;  6; 2
   22.07;  -1.17; 1959;  6; 3
   21.84;  -1.12; 1959;  6; 4
   21.63;  -1.05; 1959;  7; 0
   21.42;   -.97; 1959;  7; 1
   21.24;   -.89; 1959;  7; 2
   21.07;   -.79; 1959;  7; 3
   20.92;   -.69; 1959;  7; 4
   20.80;   -.58; 1959;  8; 0
   20.69;   -.46; 1959;  8; 1
   20.61;   -.34; 1959;  8; 2
   20.55;   -.23; 1959;  8; 3
   20.52;   -.12; 1959;  8; 4
   20.51;   -.01; 1959;  9; 0
   20.52;    .09; 1959;  9; 1
   20.54;    .19; 1959;  9; 2
   20.59;    .27; 1959;  9; 3
   20.65;    .36; 1959;  9; 4
   20.73;    .44; 1959; 10; 0
   20.83;    .52; 1959; 10; 1
   20.94;    .61; 1959; 10; 2
   21.07;    .70; 1959; 10; 3
   21.22;    .80; 1959; 10; 4
   21.39;    .91; 1959; 11; 0
   21.59;   1.02; 1959; 11; 1
   21.80;   1.14; 1959; 11; 2
   22.05;   1.27; 1959; 11; 3
   22.31;   1.39; 1959; 11; 4
   22.60;   1.51; 1959; 12; 0
   22.91;   1.61; 1959; 12; 1
   23.25;   1.69; 1959; 12; 2
   23.59;   1.74; 1959; 12; 3
   23.94;   1.76; 1959; 12; 4
   24.29;   1.74; 1960;  1; 0
   24.63;   1.68; 1960;  1; 1
   24.96;   1.57; 1960;  1; 2
   25.26;   1.43; 1960;  1; 3
   25.53;   1.24; 1960;  1; 4
   25.76;   1.02; 1960;  2; 0
   25.94;    .78; 1960;  2; 1
   26.07;    .51; 1960;  2; 2
   26.14;    .24; 1960;  2; 3
   26.16;   -.04; 1960;  2; 4
   26.13;   -.30; 1960;  3; 0
   26.04;   -.55; 1960;  3; 1
   25.91;   -.77; 1960;  3; 2
   25.73;   -.97; 1960;  3; 3
   25.52;  -1.13; 1960;  3; 4
   25.28;  -1.27; 1960;  4; 0
   25.02;  -1.36; 1960;  4; 1
   24.74;  -1.43; 1960;  4; 2
   24.45;  -1.47; 1960;  4; 3
   24.15;  -1.49; 1960;  4; 4
   23.85;  -1.49; 1960;  5; 0
   23.56;  -1.47; 1960;  5; 1
   23.26;  -1.45; 1960;  5; 2
   22.98;  -1.41; 1960;  5; 3
   22.70;  -1.37; 1960;  5; 4
   22.43;  -1.33; 1960;  6; 0
   22.17;  -1.28; 1960;  6; 1
   21.91;  -1.23; 1960;  6; 2
   21.67;  -1.18; 1960;  6; 3
   21.44;  -1.11; 1960;  6; 4
   21.23;  -1.04; 1960;  7; 0
   21.03;   -.96; 1960;  7; 1
   20.84;   -.87; 1960;  7; 2
   20.68;   -.78; 1960;  7; 3
   20.53;   -.67; 1960;  7; 4
   20.41;   -.56; 1960;  8; 0
   20.31;   -.44; 1960;  8; 1
   20.23;   -.32; 1960;  8; 2
   20.18;   -.20; 1960;  8; 3
   20.15;   -.09; 1960;  8; 4
   20.15;    .02; 1960;  9; 0
   20.16;    .13; 1960;  9; 1
   20.20;    .22; 1960;  9; 2
   20.25;    .32; 1960;  9; 3
   20.32;    .40; 1960;  9; 4
   20.41;    .49; 1960; 10; 0
   20.52;    .57; 1960; 10; 1
   20.64;    .66; 1960; 10; 2
   20.78;    .75; 1960; 10; 3
   20.94;    .85; 1960; 10; 4
   21.12;    .96; 1960; 11; 0
   21.33;   1.08; 1960; 11; 1
   21.55;   1.20; 1960; 11; 2
   21.81;   1.32; 1960; 11; 3
   22.08;   1.45; 1960; 11; 4
   22.38;   1.56; 1960; 12; 0
   22.71;   1.66; 1960; 12; 1
   23.05;   1.74; 1960; 12; 2
   23.40;   1.79; 1960; 12; 3
   23.76;   1.81; 1960; 12; 4
   24.12;   1.79; 1961;  1; 0
   24.48;   1.73; 1961;  1; 1
   24.81;   1.62; 1961;  1; 2
   25.12;   1.47; 1961;  1; 3
   25.40;   1.28; 1961;  1; 4
   25.63;   1.06; 1961;  2; 0
   25.82;    .82; 1961;  2; 1
   25.96;    .55; 1961;  2; 2
   26.04;    .27; 1961;  2; 3
   26.07;    .00; 1961;  2; 4
   26.04;   -.27; 1961;  3; 0
   25.96;   -.52; 1961;  3; 1
   25.83;   -.75; 1961;  3; 2
   25.66;   -.95; 1961;  3; 3
   25.45;  -1.12; 1961;  3; 4
   25.22;  -1.25; 1961;  4; 0
   24.96;  -1.35; 1961;  4; 1
   24.68;  -1.42; 1961;  4; 2
   24.39;  -1.47; 1961;  4; 3
   24.09;  -1.49; 1961;  4; 4
   23.79;  -1.49; 1961;  5; 0
   23.50;  -1.48; 1961;  5; 1
   23.20;  -1.46; 1961;  5; 2
   22.91;  -1.43; 1961;  5; 3
   22.63;  -1.39; 1961;  5; 4
   22.36;  -1.35; 1961;  6; 0
   22.09;  -1.31; 1961;  6; 1
   21.83;  -1.26; 1961;  6; 2
   21.59;  -1.21; 1961;  6; 3
   21.35;  -1.15; 1961;  6; 4
   21.13;  -1.08; 1961;  7; 0
   20.92;  -1.00; 1961;  7; 1
   20.73;   -.92; 1961;  7; 2
   20.56;   -.82; 1961;  7; 3
   20.40;   -.72; 1961;  7; 4
   20.27;   -.61; 1961;  8; 0
   20.16;   -.49; 1961;  8; 1
   20.07;   -.38; 1961;  8; 2
   20.01;   -.26; 1961;  8; 3
   19.97;   -.15; 1961;  8; 4
   19.95;   -.04; 1961;  9; 0
   19.95;    .06; 1961;  9; 1
   19.97;    .15; 1961;  9; 2
   20.01;    .24; 1961;  9; 3
   20.07;    .33; 1961;  9; 4
   20.14;    .41; 1961; 10; 0
   20.23;    .49; 1961; 10; 1
   20.34;    .58; 1961; 10; 2
   20.47;    .67; 1961; 10; 3
   20.61;    .77; 1961; 10; 4
   20.78;    .88; 1961; 11; 0
   20.96;   1.00; 1961; 11; 1
   21.17;   1.12; 1961; 11; 2
   21.41;   1.24; 1961; 11; 3
   21.67;   1.36; 1961; 11; 4
   21.96;   1.48; 1961; 12; 0
   22.26;   1.58; 1961; 12; 1
   22.59;   1.66; 1961; 12; 2
   22.92;   1.71; 1961; 12; 3
   23.27;   1.73; 1961; 12; 4
   23.61;   1.71; 1962;  1; 0
   23.95;   1.65; 1962;  1; 1
   24.27;   1.54; 1962;  1; 2
   24.57;   1.40; 1962;  1; 3
   24.83;   1.21; 1962;  1; 4
   25.05;   1.00; 1962;  2; 0
   25.22;    .75; 1962;  2; 1
   25.35;    .49; 1962;  2; 2
   25.42;    .22; 1962;  2; 3
   25.43;   -.06; 1962;  2; 4
   25.40;   -.32; 1962;  3; 0
   25.31;   -.57; 1962;  3; 1
   25.17;   -.79; 1962;  3; 2
   24.99;   -.99; 1962;  3; 3
   24.78;  -1.15; 1962;  3; 4
   24.53;  -1.28; 1962;  4; 0
   24.27;  -1.38; 1962;  4; 1
   23.99;  -1.44; 1962;  4; 2
   23.69;  -1.48; 1962;  4; 3
   23.39;  -1.50; 1962;  4; 4
   23.09;  -1.49; 1962;  5; 0
   22.80;  -1.48; 1962;  5; 1
   22.50;  -1.45; 1962;  5; 2
   22.22;  -1.41; 1962;  5; 3
   21.94;  -1.36; 1962;  5; 4
   21.67;  -1.32; 1962;  6; 0
   21.41;  -1.27; 1962;  6; 1
   21.17;  -1.21; 1962;  6; 2
   20.93;  -1.15; 1962;  6; 3
   20.71;  -1.08; 1962;  6; 4
   20.50;  -1.01; 1962;  7; 0
   20.30;   -.92; 1962;  7; 1
   20.13;   -.83; 1962;  7; 2
   19.97;   -.73; 1962;  7; 3
   19.84;   -.62; 1962;  7; 4
   19.73;   -.50; 1962;  8; 0
   19.64;   -.38; 1962;  8; 1
   19.58;   -.25; 1962;  8; 2
   19.54;   -.13; 1962;  8; 3
   19.52;   -.01; 1962;  8; 4
   19.53;    .10; 1962;  9; 0
   19.57;    .21; 1962;  9; 1
   19.62;    .32; 1962;  9; 2
   19.69;    .41; 1962;  9; 3
   19.78;    .50; 1962;  9; 4
   19.89;    .59; 1962; 10; 0
   20.02;    .68; 1962; 10; 1
   20.17;    .78; 1962; 10; 2
   20.33;    .88; 1962; 10; 3
   20.52;    .98; 1962; 10; 4
   20.73;   1.09; 1962; 11; 0
   20.96;   1.21; 1962; 11; 1
   21.21;   1.34; 1962; 11; 2
   21.49;   1.47; 1962; 11; 3
   21.80;   1.59; 1962; 11; 4
   22.13;   1.71; 1962; 12; 0
   22.48;   1.82; 1962; 12; 1
   22.85;   1.90; 1962; 12; 2
   23.24;   1.95; 1962; 12; 3
   23.63;   1.97; 1962; 12; 4
   24.03;   1.95; 1963;  1; 0
   24.41;   1.89; 1963;  1; 1
   24.78;   1.78; 1963;  1; 2
   25.12;   1.64; 1963;  1; 3
   25.43;   1.45; 1963;  1; 4
   25.70;   1.23; 1963;  2; 0
   25.92;    .98; 1963;  2; 1
   26.09;    .72; 1963;  2; 2
   26.21;    .44; 1963;  2; 3
   26.27;    .16; 1963;  2; 4
   26.28;   -.10; 1963;  3; 0
   26.23;   -.36; 1963;  3; 1
   26.14;   -.59; 1963;  3; 2
   26.00;   -.79; 1963;  3; 3
   25.82;   -.96; 1963;  3; 4
   25.61;  -1.10; 1963;  4; 0
   25.38;  -1.21; 1963;  4; 1
   25.13;  -1.29; 1963;  4; 2
   24.87;  -1.34; 1963;  4; 3
   24.60;  -1.36; 1963;  4; 4
   24.32;  -1.37; 1963;  5; 0
   24.05;  -1.37; 1963;  5; 1
   23.78;  -1.35; 1963;  5; 2
   23.51;  -1.32; 1963;  5; 3
   23.25;  -1.30; 1963;  5; 4
   22.99;  -1.26; 1963;  6; 0
   22.74;  -1.23; 1963;  6; 1
   22.50;  -1.18; 1963;  6; 2
   22.27;  -1.14; 1963;  6; 3
   22.05;  -1.09; 1963;  6; 4
   21.83;  -1.03; 1963;  7; 0
   21.64;   -.96; 1963;  7; 1
   21.45;   -.88; 1963;  7; 2
   21.28;   -.80; 1963;  7; 3
   21.13;   -.70; 1963;  7; 4
   21.00;   -.60; 1963;  8; 0
   20.89;   -.50; 1963;  8; 1
   20.80;   -.39; 1963;  8; 2
   20.73;   -.29; 1963;  8; 3
   20.69;   -.18; 1963;  8; 4
   20.66;   -.09; 1963;  9; 0
   20.65;    .01; 1963;  9; 1
   20.66;    .09; 1963;  9; 2
   20.69;    .18; 1963;  9; 3
   20.73;    .25; 1963;  9; 4
   20.79;    .33; 1963; 10; 0
   20.86;    .40; 1963; 10; 1
   20.95;    .48; 1963; 10; 2
   21.06;    .57; 1963; 10; 3
   21.18;    .66; 1963; 10; 4
   21.32;    .76; 1963; 11; 0
   21.49;    .87; 1963; 11; 1
   21.68;    .99; 1963; 11; 2
   21.89;   1.11; 1963; 11; 3
   22.12;   1.23; 1963; 11; 4
   22.38;   1.34; 1963; 12; 0
   22.65;   1.43; 1963; 12; 1
   22.95;   1.51; 1963; 12; 2
   23.26;   1.56; 1963; 12; 3
   23.57;   1.58; 1963; 12; 4
   23.88;   1.55; 1964;  1; 0
   24.19;   1.49; 1964;  1; 1
   24.48;   1.39; 1964;  1; 2
   24.74;   1.24; 1964;  1; 3
   24.97;   1.06; 1964;  1; 4
   25.16;    .84; 1964;  2; 0
   25.31;    .60; 1964;  2; 1
   25.40;    .34; 1964;  2; 2
   25.44;    .07; 1964;  2; 3
   25.43;   -.20; 1964;  2; 4
   25.37;   -.46; 1964;  3; 0
   25.25;   -.70; 1964;  3; 1
   25.09;   -.92; 1964;  3; 2
   24.88;  -1.11; 1964;  3; 3
   24.65;  -1.27; 1964;  3; 4
   24.38;  -1.39; 1964;  4; 0
   24.09;  -1.48; 1964;  4; 1
   23.79;  -1.54; 1964;  4; 2
   23.48;  -1.57; 1964;  4; 3
   23.16;  -1.58; 1964;  4; 4
   22.84;  -1.57; 1964;  5; 0
   22.53;  -1.54; 1964;  5; 1
   22.23;  -1.50; 1964;  5; 2
   21.93;  -1.46; 1964;  5; 3
   21.64;  -1.40; 1964;  5; 4
   21.37;  -1.35; 1964;  6; 0
   21.10;  -1.29; 1964;  6; 1
   20.85;  -1.22; 1964;  6; 2
   20.62;  -1.15; 1964;  6; 3
   20.39;  -1.07; 1964;  6; 4
   20.19;   -.99; 1964;  7; 0
   20.00;   -.89; 1964;  7; 1
   19.83;   -.79; 1964;  7; 2
   19.68;   -.68; 1964;  7; 3
   19.56;   -.56; 1964;  7; 4
   19.46;   -.43; 1964;  8; 0
   19.39;   -.30; 1964;  8; 1
   19.34;   -.17; 1964;  8; 2
   19.32;   -.04; 1964;  8; 3
   19.32;    .09; 1964;  8; 4
   19.35;    .21; 1964;  9; 0
   19.41;    .33; 1964;  9; 1
   19.48;    .44; 1964;  9; 2
   19.58;    .54; 1964;  9; 3
   19.70;    .64; 1964;  9; 4
   19.84;    .74; 1964; 10; 0
   19.99;    .83; 1964; 10; 1
   20.17;    .93; 1964; 10; 2
   20.37;   1.03; 1964; 10; 3
   20.58;   1.14; 1964; 10; 4
   20.82;   1.26; 1964; 11; 0
   21.09;   1.38; 1964; 11; 1
   21.38;   1.51; 1964; 11; 2
   21.69;   1.64; 1964; 11; 3
   22.04;   1.77; 1964; 11; 4
   22.40;   1.89; 1964; 12; 0
   22.79;   1.99; 1964; 12; 1
   23.20;   2.07; 1964; 12; 2
   23.62;   2.13; 1964; 12; 3
   24.05;   2.15; 1964; 12; 4
   24.48;   2.12; 1965;  1; 0
   24.89;   2.06; 1965;  1; 1
   25.30;   1.96; 1965;  1; 2
   25.67;   1.81; 1965;  1; 3
   26.02;   1.62; 1965;  1; 4
   26.32;   1.40; 1965;  2; 0
   26.58;   1.15; 1965;  2; 1
   26.78;    .88; 1965;  2; 2
   26.92;    .60; 1965;  2; 3
   27.02;    .31; 1965;  2; 4
   27.05;    .04; 1965;  3; 0
   27.03;   -.22; 1965;  3; 1
   26.96;   -.46; 1965;  3; 2
   26.85;   -.67; 1965;  3; 3
   26.70;   -.84; 1965;  3; 4
   26.52;   -.99; 1965;  4; 0
   26.30;  -1.11; 1965;  4; 1
   26.07;  -1.19; 1965;  4; 2
   25.83;  -1.25; 1965;  4; 3
   25.58;  -1.28; 1965;  4; 4
   25.32;  -1.30; 1965;  5; 0
   25.06;  -1.30; 1965;  5; 1
   24.80;  -1.29; 1965;  5; 2
   24.54;  -1.27; 1965;  5; 3
   24.29;  -1.25; 1965;  5; 4
   24.05;  -1.22; 1965;  6; 0
   23.80;  -1.19; 1965;  6; 1
   23.57;  -1.15; 1965;  6; 2
   23.34;  -1.11; 1965;  6; 3
   23.13;  -1.07; 1965;  6; 4
   22.92;  -1.01; 1965;  7; 0
   22.72;   -.95; 1965;  7; 1
   22.54;   -.88; 1965;  7; 2
   22.37;   -.80; 1965;  7; 3
   22.22;   -.71; 1965;  7; 4
   22.08;   -.62; 1965;  8; 0
   21.97;   -.52; 1965;  8; 1
   21.87;   -.42; 1965;  8; 2
   21.80;   -.32; 1965;  8; 3
   21.75;   -.22; 1965;  8; 4
   21.71;   -.12; 1965;  9; 0
   21.70;   -.04; 1965;  9; 1
   21.70;    .05; 1965;  9; 2
   21.71;    .13; 1965;  9; 3
   21.75;    .20; 1965;  9; 4
   21.80;    .28; 1965; 10; 0
   21.86;    .35; 1965; 10; 1
   21.94;    .43; 1965; 10; 2
   22.03;    .52; 1965; 10; 3
   22.15;    .61; 1965; 10; 4
   22.28;    .71; 1965; 11; 0
   22.43;    .82; 1965; 11; 1
   22.61;    .94; 1965; 11; 2
   22.81;   1.05; 1965; 11; 3
   23.03;   1.17; 1965; 11; 4
   23.27;   1.28; 1965; 12; 0
   23.54;   1.38; 1965; 12; 1
   23.82;   1.45; 1965; 12; 2
   24.12;   1.50; 1965; 12; 3
   24.42;   1.52; 1965; 12; 4
   24.73;   1.50; 1966;  1; 0
   25.02;   1.44; 1966;  1; 1
   25.30;   1.34; 1966;  1; 2
   25.55;   1.19; 1966;  1; 3
   25.78;   1.01; 1966;  1; 4
   25.96;    .80; 1966;  2; 0
   26.09;    .56; 1966;  2; 1
   26.18;    .30; 1966;  2; 2
   26.21;    .03; 1966;  2; 3
   26.19;   -.24; 1966;  2; 4
   26.12;   -.50; 1966;  3; 0
   25.99;   -.74; 1966;  3; 1
   25.82;   -.96; 1966;  3; 2
   25.61;  -1.15; 1966;  3; 3
   25.36;  -1.31; 1966;  3; 4
   25.09;  -1.43; 1966;  4; 0
   24.79;  -1.53; 1966;  4; 1
   24.48;  -1.59; 1966;  4; 2
   24.16;  -1.62; 1966;  4; 3
   23.83;  -1.63; 1966;  4; 4
   23.51;  -1.62; 1966;  5; 0
   23.19;  -1.60; 1966;  5; 1
   22.87;  -1.56; 1966;  5; 2
   22.56;  -1.52; 1966;  5; 3
   22.26;  -1.47; 1966;  5; 4
   21.98;  -1.41; 1966;  6; 0
   21.70;  -1.35; 1966;  6; 1
   21.43;  -1.29; 1966;  6; 2
   21.18;  -1.22; 1966;  6; 3
   20.95;  -1.15; 1966;  6; 4
   20.72;  -1.07; 1966;  7; 0
   20.52;   -.98; 1966;  7; 1
   20.33;   -.88; 1966;  7; 2
   20.17;   -.78; 1966;  7; 3
   20.02;   -.67; 1966;  7; 4
   19.90;   -.55; 1966;  8; 0
   19.80;   -.42; 1966;  8; 1
   19.73;   -.30; 1966;  8; 2
   19.68;   -.18; 1966;  8; 3
   19.66;   -.06; 1966;  8; 4
   19.66;    .06; 1966;  9; 0
   19.68;    .17; 1966;  9; 1
   19.73;    .27; 1966;  9; 2
   19.79;    .37; 1966;  9; 3
   19.88;    .46; 1966;  9; 4
   19.98;    .55; 1966; 10; 0
   20.10;    .64; 1966; 10; 1
   20.23;    .74; 1966; 10; 2
   20.39;    .83; 1966; 10; 3
   20.57;    .94; 1966; 10; 4
   20.77;   1.05; 1966; 11; 0
   20.99;   1.16; 1966; 11; 1
   21.23;   1.29; 1966; 11; 2
   21.50;   1.41; 1966; 11; 3
   21.80;   1.53; 1966; 11; 4
   22.11;   1.64; 1966; 12; 0
   22.45;   1.74; 1966; 12; 1
   22.81;   1.82; 1966; 12; 2
   23.18;   1.86; 1966; 12; 3
   23.55;   1.88; 1966; 12; 4
   23.93;   1.85; 1967;  1; 0
   24.29;   1.79; 1967;  1; 1
   24.64;   1.68; 1967;  1; 2
   24.96;   1.53; 1967;  1; 3
   25.25;   1.34; 1967;  1; 4
   25.49;   1.12; 1967;  2; 0
   25.69;    .86; 1967;  2; 1
   25.84;    .60; 1967;  2; 2
   25.93;    .32; 1967;  2; 3
   25.96;    .04; 1967;  2; 4
   25.94;   -.24; 1967;  3; 0
   25.87;   -.49; 1967;  3; 1
   25.75;   -.73; 1967;  3; 2
   25.58;   -.94; 1967;  3; 3
   25.37;  -1.11; 1967;  3; 4
   25.14;  -1.25; 1967;  4; 0
   24.87;  -1.36; 1967;  4; 1
   24.59;  -1.44; 1967;  4; 2
   24.30;  -1.50; 1967;  4; 3
   24.00;  -1.52; 1967;  4; 4
   23.69;  -1.53; 1967;  5; 0
   23.38;  -1.52; 1967;  5; 1
   23.08;  -1.50; 1967;  5; 2
   22.78;  -1.48; 1967;  5; 3
   22.49;  -1.44; 1967;  5; 4
   22.21;  -1.41; 1967;  6; 0
   21.93;  -1.36; 1967;  6; 1
   21.66;  -1.32; 1967;  6; 2
   21.40;  -1.27; 1967;  6; 3
   21.15;  -1.21; 1967;  6; 4
   20.92;  -1.14; 1967;  7; 0
   20.70;  -1.07; 1967;  7; 1
   20.49;   -.99; 1967;  7; 2
   20.30;   -.90; 1967;  7; 3
   20.13;   -.80; 1967;  7; 4
   19.98;   -.69; 1967;  8; 0
   19.85;   -.58; 1967;  8; 1
   19.75;   -.46; 1967;  8; 2
   19.67;   -.35; 1967;  8; 3
   19.61;   -.24; 1967;  8; 4
   19.57;   -.13; 1967;  9; 0
   19.56;   -.03; 1967;  9; 1
   19.56;    .07; 1967;  9; 2
   19.59;    .16; 1967;  9; 3
   19.63;    .25; 1967;  9; 4
   19.69;    .34; 1967; 10; 0
   19.76;    .43; 1967; 10; 1
   19.86;    .52; 1967; 10; 2
   19.97;    .62; 1967; 10; 3
   20.11;    .73; 1967; 10; 4
   20.27;    .84; 1967; 11; 0
   20.45;    .96; 1967; 11; 1
   20.65;   1.09; 1967; 11; 2
   20.88;   1.22; 1967; 11; 3
   21.14;   1.35; 1967; 11; 4
   21.42;   1.46; 1967; 12; 0
   21.72;   1.57; 1967; 12; 1
   22.05;   1.66; 1967; 12; 2
   22.39;   1.71; 1967; 12; 3
   22.73;   1.74; 1967; 12; 4
   23.08;   1.73; 1968;  1; 0
   23.42;   1.67; 1968;  1; 1
   23.75;   1.58; 1968;  1; 2
   24.05;   1.44; 1968;  1; 3
   24.32;   1.27; 1968;  1; 4
   24.55;   1.06; 1968;  2; 0
   24.74;    .83; 1968;  2; 1
   24.88;    .57; 1968;  2; 2
   24.97;    .31; 1968;  2; 3
   25.01;    .05; 1968;  2; 4
   24.99;   -.21; 1968;  3; 0
   24.93;   -.45; 1968;  3; 1
   24.81;   -.67; 1968;  3; 2
   24.66;   -.86; 1968;  3; 3
   24.47;  -1.01; 1968;  3; 4
   24.26;  -1.14; 1968;  4; 0
   24.02;  -1.23; 1968;  4; 1
   23.77;  -1.29; 1968;  4; 2
   23.50;  -1.33; 1968;  4; 3
   23.24;  -1.34; 1968;  4; 4
   22.97;  -1.33; 1968;  5; 0
   22.70;  -1.31; 1968;  5; 1
   22.45;  -1.27; 1968;  5; 2
   22.20;  -1.23; 1968;  5; 3
   21.95;  -1.18; 1968;  5; 4
   21.72;  -1.13; 1968;  6; 0
   21.50;  -1.07; 1968;  6; 1
   21.29;  -1.01; 1968;  6; 2
   21.10;   -.95; 1968;  6; 3
   20.91;   -.88; 1968;  6; 4
   20.75;   -.80; 1968;  7; 0
   20.59;   -.72; 1968;  7; 1
   20.46;   -.63; 1968;  7; 2
   20.34;   -.53; 1968;  7; 3
   20.25;   -.42; 1968;  7; 4
   20.18;   -.31; 1968;  8; 0
   20.13;   -.19; 1968;  8; 1
   20.10;   -.07; 1968;  8; 2
   20.10;    .05; 1968;  8; 3
   20.12;    .16; 1968;  8; 4
   20.16;    .27; 1968;  9; 0
   20.23;    .38; 1968;  9; 1
   20.31;    .47; 1968;  9; 2
   20.42;    .57; 1968;  9; 3
   20.54;    .66; 1968;  9; 4
   20.68;    .74; 1968; 10; 0
   20.83;    .83; 1968; 10; 1
   21.01;    .91; 1968; 10; 2
   21.20;   1.01; 1968; 10; 3
   21.41;   1.11; 1968; 10; 4
   21.64;   1.21; 1968; 11; 0
   21.90;   1.32; 1968; 11; 1
   22.17;   1.44; 1968; 11; 2
   22.47;   1.56; 1968; 11; 3
   22.80;   1.67; 1968; 11; 4
   23.14;   1.78; 1968; 12; 0
   23.51;   1.87; 1968; 12; 1
   23.89;   1.94; 1968; 12; 2
   24.29;   1.99; 1968; 12; 3
   24.69;   2.00; 1968; 12; 4
   25.08;   1.97; 1969;  1; 0
   25.47;   1.90; 1969;  1; 1
   25.84;   1.79; 1969;  1; 2
   26.18;   1.63; 1969;  1; 3
   26.49;   1.44; 1969;  1; 4
   26.76;   1.22; 1969;  2; 0
   26.98;    .96; 1969;  2; 1
   27.14;    .69; 1969;  2; 2
   27.25;    .41; 1969;  2; 3
   27.31;    .13; 1969;  2; 4
   27.30;   -.15; 1969;  3; 0
   27.25;   -.41; 1969;  3; 1
   27.14;   -.65; 1969;  3; 2
   26.99;   -.86; 1969;  3; 3
   26.80;  -1.04; 1969;  3; 4
   26.58;  -1.18; 1969;  4; 0
   26.33;  -1.30; 1969;  4; 1
   26.06;  -1.38; 1969;  4; 2
   25.78;  -1.44; 1969;  4; 3
   25.49;  -1.47; 1969;  4; 4
   25.19;  -1.48; 1969;  5; 0
   24.90;  -1.47; 1969;  5; 1
   24.60;  -1.46; 1969;  5; 2
   24.31;  -1.43; 1969;  5; 3
   24.03;  -1.40; 1969;  5; 4
   23.75;  -1.37; 1969;  6; 0
   23.48;  -1.33; 1969;  6; 1
   23.22;  -1.29; 1969;  6; 2
   22.97;  -1.24; 1969;  6; 3
   22.73;  -1.18; 1969;  6; 4
   22.49;  -1.12; 1969;  7; 0
   22.28;  -1.05; 1969;  7; 1
   22.07;   -.98; 1969;  7; 2
   21.89;   -.89; 1969;  7; 3
   21.72;   -.79; 1969;  7; 4
   21.57;   -.69; 1969;  8; 0
   21.44;   -.59; 1969;  8; 1
   21.33;   -.48; 1969;  8; 2
   21.25;   -.37; 1969;  8; 3
   21.19;   -.26; 1969;  8; 4
   21.14;   -.16; 1969;  9; 0
   21.12;   -.06; 1969;  9; 1
   21.12;    .03; 1969;  9; 2
   21.13;    .12; 1969;  9; 3
   21.17;    .20; 1969;  9; 4
   21.22;    .29; 1969; 10; 0
   21.28;    .37; 1969; 10; 1
   21.36;    .46; 1969; 10; 2
   21.47;    .55; 1969; 10; 3
   21.59;    .65; 1969; 10; 4
   21.73;    .76; 1969; 11; 0
   21.89;    .87; 1969; 11; 1
   22.08;    .99; 1969; 11; 2
   22.29;   1.11; 1969; 11; 3
   22.52;   1.23; 1969; 11; 4
   22.78;   1.35; 1969; 12; 0
   23.06;   1.45; 1969; 12; 1
   23.36;   1.52; 1969; 12; 2
   23.67;   1.57; 1969; 12; 3
   23.99;   1.59; 1969; 12; 4
   24.30;   1.57; 1970;  1; 0
   24.61;   1.51; 1970;  1; 1
   24.91;   1.41; 1970;  1; 2
   25.18;   1.27; 1970;  1; 3
   25.41;   1.09; 1970;  1; 4
   25.61;    .88; 1970;  2; 0
   25.76;    .64; 1970;  2; 1
   25.86;    .38; 1970;  2; 2
   25.91;    .11; 1970;  2; 3
   25.91;   -.16; 1970;  2; 4
   25.85;   -.42; 1970;  3; 0
   25.74;   -.67; 1970;  3; 1
   25.58;   -.89; 1970;  3; 2
   25.39;  -1.08; 1970;  3; 3
   25.15;  -1.25; 1970;  3; 4
   24.89;  -1.38; 1970;  4; 0
   24.60;  -1.48; 1970;  4; 1
   24.30;  -1.55; 1970;  4; 2
   23.98;  -1.59; 1970;  4; 3
   23.67;  -1.60; 1970;  4; 4
   23.34;  -1.60; 1970;  5; 0
   23.03;  -1.58; 1970;  5; 1
   22.71;  -1.55; 1970;  5; 2
   22.41;  -1.51; 1970;  5; 3
   22.11;  -1.46; 1970;  5; 4
   21.82;  -1.41; 1970;  6; 0
   21.54;  -1.36; 1970;  6; 1
   21.28;  -1.30; 1970;  6; 2
   21.02;  -1.24; 1970;  6; 3
   20.78;  -1.17; 1970;  6; 4
   20.55;  -1.10; 1970;  7; 0
   20.34;  -1.02; 1970;  7; 1
   20.15;   -.93; 1970;  7; 2
   19.97;   -.83; 1970;  7; 3
   19.82;   -.72; 1970;  7; 4
   19.68;   -.61; 1970;  8; 0
   19.57;   -.49; 1970;  8; 1
   19.49;   -.38; 1970;  8; 2
   19.42;   -.26; 1970;  8; 3
   19.38;   -.14; 1970;  8; 4
   19.37;   -.03; 1970;  9; 0
   19.37;    .08; 1970;  9; 1
   19.40;    .18; 1970;  9; 2
   19.44;    .27; 1970;  9; 3
   19.50;    .36; 1970;  9; 4
   19.59;    .45; 1970; 10; 0
   19.69;    .54; 1970; 10; 1
   19.80;    .63; 1970; 10; 2
   19.94;    .73; 1970; 10; 3
   20.10;    .84; 1970; 10; 4
   20.27;    .95; 1970; 11; 0
   20.48;   1.06; 1970; 11; 1
   20.70;   1.19; 1970; 11; 2
   20.95;   1.31; 1970; 11; 3
   21.22;   1.43; 1970; 11; 4
   21.52;   1.54; 1970; 12; 0
   21.84;   1.64; 1970; 12; 1
   22.18;   1.72; 1970; 12; 2
   22.53;   1.77; 1970; 12; 3
   22.89;   1.79; 1970; 12; 4
   23.24;   1.77; 1971;  1; 0
   23.59;   1.71; 1971;  1; 1
   23.92;   1.61; 1971;  1; 2
   24.23;   1.47; 1971;  1; 3
   24.51;   1.29; 1971;  1; 4
   24.75;   1.07; 1971;  2; 0
   24.94;    .83; 1971;  2; 1
   25.08;    .57; 1971;  2; 2
   25.16;    .30; 1971;  2; 3
   25.20;    .03; 1971;  2; 4
   25.18;   -.23; 1971;  3; 0
   25.10;   -.48; 1971;  3; 1
   24.99;   -.70; 1971;  3; 2
   24.82;   -.90; 1971;  3; 3
   24.63;  -1.07; 1971;  3; 4
   24.40;  -1.20; 1971;  4; 0
   24.15;  -1.30; 1971;  4; 1
   23.88;  -1.37; 1971;  4; 2
   23.60;  -1.41; 1971;  4; 3
   23.32;  -1.43; 1971;  4; 4
   23.03;  -1.42; 1971;  5; 0
   22.75;  -1.40; 1971;  5; 1
   22.47;  -1.37; 1971;  5; 2
   22.20;  -1.33; 1971;  5; 3
   21.94;  -1.28; 1971;  5; 4
   21.69;  -1.23; 1971;  6; 0
   21.45;  -1.18; 1971;  6; 1
   21.22;  -1.12; 1971;  6; 2
   21.00;  -1.05; 1971;  6; 3
   20.80;   -.98; 1971;  6; 4
   20.61;   -.90; 1971;  7; 0
   20.44;   -.82; 1971;  7; 1
   20.28;   -.72; 1971;  7; 2
   20.15;   -.62; 1971;  7; 3
   20.03;   -.51; 1971;  7; 4
   19.94;   -.40; 1971;  8; 0
   19.87;   -.28; 1971;  8; 1
   19.83;   -.16; 1971;  8; 2
   19.81;   -.03; 1971;  8; 3
   19.82;    .09; 1971;  8; 4
   19.85;    .20; 1971;  9; 0
   19.90;    .31; 1971;  9; 1
   19.97;    .42; 1971;  9; 2
   20.07;    .52; 1971;  9; 3
   20.18;    .62; 1971;  9; 4
   20.31;    .71; 1971; 10; 0
   20.47;    .81; 1971; 10; 1
   20.64;    .91; 1971; 10; 2
   20.83;   1.01; 1971; 10; 3
   21.04;   1.12; 1971; 10; 4
   21.28;   1.23; 1971; 11; 0
   21.54;   1.36; 1971; 11; 1
   21.82;   1.48; 1971; 11; 2
   22.13;   1.61; 1971; 11; 3
   22.46;   1.73; 1971; 11; 4
   22.82;   1.85; 1971; 12; 0
   23.20;   1.95; 1971; 12; 1
   23.60;   2.03; 1971; 12; 2
   24.01;   2.08; 1971; 12; 3
   24.43;   2.10; 1971; 12; 4
   24.85;   2.08; 1972;  1; 0
   25.26;   2.02; 1972;  1; 1
   25.66;   1.92; 1972;  1; 2
   26.03;   1.78; 1972;  1; 3
   26.37;   1.60; 1972;  1; 4
   26.67;   1.38; 1972;  2; 0
   26.92;   1.14; 1972;  2; 1
   27.12;    .87; 1972;  2; 2
   27.27;    .60; 1972;  2; 3
   27.36;    .32; 1972;  2; 4
   27.40;    .05; 1972;  3; 0
   27.38;   -.20; 1972;  3; 1
   27.32;   -.44; 1972;  3; 2
   27.21;   -.64; 1972;  3; 3
   27.06;   -.82; 1972;  3; 4
   26.88;   -.96; 1972;  4; 0
   26.68;  -1.08; 1972;  4; 1
   26.45;  -1.16; 1972;  4; 2
   26.22;  -1.21; 1972;  4; 3
   25.97;  -1.24; 1972;  4; 4
   25.72;  -1.25; 1972;  5; 0
   25.47;  -1.25; 1972;  5; 1
   25.22;  -1.23; 1972;  5; 2
   24.98;  -1.21; 1972;  5; 3
   24.74;  -1.18; 1972;  5; 4
   24.50;  -1.15; 1972;  6; 0
   24.28;  -1.11; 1972;  6; 1
   24.06;  -1.07; 1972;  6; 2
   23.85;  -1.03; 1972;  6; 3
   23.65;   -.98; 1972;  6; 4
   23.45;   -.92; 1972;  7; 0
   23.28;   -.86; 1972;  7; 1
   23.11;   -.79; 1972;  7; 2
   22.96;   -.71; 1972;  7; 3
   22.82;   -.63; 1972;  7; 4
   22.71;   -.54; 1972;  8; 0
   22.61;   -.44; 1972;  8; 1
   22.53;   -.35; 1972;  8; 2
   22.47;   -.25; 1972;  8; 3
   22.43;   -.15; 1972;  8; 4
   22.41;   -.06; 1972;  9; 0
   22.41;    .03; 1972;  9; 1
   22.42;    .11; 1972;  9; 2
   22.45;    .19; 1972;  9; 3
   22.49;    .26; 1972;  9; 4
   22.55;    .33; 1972; 10; 0
   22.63;    .41; 1972; 10; 1
   22.72;    .48; 1972; 10; 2
   22.82;    .56; 1972; 10; 3
   22.94;    .65; 1972; 10; 4
   23.08;    .74; 1972; 11; 0
   23.24;    .85; 1972; 11; 1
   23.42;    .95; 1972; 11; 2
   23.62;   1.06; 1972; 11; 3
   23.85;   1.17; 1972; 11; 4
   24.09;   1.27; 1972; 12; 0
   24.35;   1.36; 1972; 12; 1
   24.63;   1.42; 1972; 12; 2
   24.92;   1.46; 1972; 12; 3
   25.21;   1.47; 1972; 12; 4
   25.50;   1.44; 1973;  1; 0
   25.79;   1.37; 1973;  1; 1
   26.05;   1.26; 1973;  1; 2
   26.29;   1.11; 1973;  1; 3
   26.49;    .92; 1973;  1; 4
   26.65;    .70; 1973;  2; 0
   26.77;    .46; 1973;  2; 1
   26.84;    .19; 1973;  2; 2
   26.85;   -.08; 1973;  2; 3
   26.80;   -.35; 1973;  2; 4
   26.71;   -.62; 1973;  3; 0
   26.56;   -.87; 1973;  3; 1
   26.36;  -1.10; 1973;  3; 2
   26.12;  -1.29; 1973;  3; 3
   25.85;  -1.46; 1973;  3; 4
   25.54;  -1.60; 1973;  4; 0
   25.21;  -1.70; 1973;  4; 1
   24.86;  -1.76; 1973;  4; 2
   24.50;  -1.80; 1973;  4; 3
   24.14;  -1.82; 1973;  4; 4
   23.78;  -1.81; 1973;  5; 0
   23.42;  -1.79; 1973;  5; 1
   23.06;  -1.75; 1973;  5; 2
   22.72;  -1.71; 1973;  5; 3
   22.38;  -1.66; 1973;  5; 4
   22.05;  -1.60; 1973;  6; 0
   21.74;  -1.54; 1973;  6; 1
   21.44;  -1.47; 1973;  6; 2
   21.15;  -1.40; 1973;  6; 3
   20.88;  -1.32; 1973;  6; 4
   20.62;  -1.24; 1973;  7; 0
   20.38;  -1.15; 1973;  7; 1
   20.16;  -1.05; 1973;  7; 2
   19.96;   -.94; 1973;  7; 3
   19.78;   -.83; 1973;  7; 4
   19.63;   -.71; 1973;  8; 0
   19.50;   -.58; 1973;  8; 1
   19.40;   -.45; 1973;  8; 2
   19.32;   -.32; 1973;  8; 3
   19.27;   -.20; 1973;  8; 4
   19.24;   -.07; 1973;  9; 0
   19.24;    .04; 1973;  9; 1
   19.26;    .16; 1973;  9; 2
   19.30;    .26; 1973;  9; 3
   19.36;    .37; 1973;  9; 4
   19.45;    .47; 1973; 10; 0
   19.55;    .58; 1973; 10; 1
   19.68;    .68; 1973; 10; 2
   19.83;    .79; 1973; 10; 3
   19.99;    .91; 1973; 10; 4
   20.19;   1.03; 1973; 11; 0
   20.41;   1.15; 1973; 11; 1
   20.65;   1.29; 1973; 11; 2
   20.92;   1.42; 1973; 11; 3
   21.22;   1.55; 1973; 11; 4
   21.54;   1.67; 1973; 12; 0
   21.89;   1.77; 1973; 12; 1
   22.25;   1.86; 1973; 12; 2
   22.63;   1.92; 1973; 12; 3
   23.01;   1.94; 1973; 12; 4
   23.40;   1.93; 1974;  1; 0
   23.78;   1.87; 1974;  1; 1
   24.15;   1.77; 1974;  1; 2
   24.49;   1.63; 1974;  1; 3
   24.80;   1.46; 1974;  1; 4
   25.07;   1.25; 1974;  2; 0
   25.30;   1.01; 1974;  2; 1
   25.47;    .75; 1974;  2; 2
   25.59;    .48; 1974;  2; 3
   25.66;    .21; 1974;  2; 4
   25.68;   -.06; 1974;  3; 0
   25.64;   -.31; 1974;  3; 1
   25.56;   -.54; 1974;  3; 2
   25.43;   -.74; 1974;  3; 3
   25.26;   -.91; 1974;  3; 4
   25.07;  -1.05; 1974;  4; 0
   24.84;  -1.16; 1974;  4; 1
   24.60;  -1.24; 1974;  4; 2
   24.35;  -1.29; 1974;  4; 3
   24.09;  -1.32; 1974;  4; 4
   23.82;  -1.33; 1974;  5; 0
   23.55;  -1.32; 1974;  5; 1
   23.29;  -1.30; 1974;  5; 2
   23.03;  -1.27; 1974;  5; 3
   22.78;  -1.24; 1974;  5; 4
   22.54;  -1.20; 1974;  6; 0
   22.30;  -1.16; 1974;  6; 1
   22.08;  -1.11; 1974;  6; 2
   21.86;  -1.06; 1974;  6; 3
   21.65;  -1.01; 1974;  6; 4
   21.46;   -.95; 1974;  7; 0
   21.27;   -.88; 1974;  7; 1
   21.10;   -.81; 1974;  7; 2
   20.95;   -.72; 1974;  7; 3
   20.82;   -.63; 1974;  7; 4
   20.70;   -.54; 1974;  8; 0
   20.60;   -.44; 1974;  8; 1
   20.52;   -.33; 1974;  8; 2
   20.47;   -.23; 1974;  8; 3
   20.43;   -.13; 1974;  8; 4
   20.41;   -.03; 1974;  9; 0
   20.42;    .06; 1974;  9; 1
   20.44;    .15; 1974;  9; 2
   20.48;    .23; 1974;  9; 3
   20.53;    .31; 1974;  9; 4
   20.60;    .39; 1974; 10; 0
   20.69;    .47; 1974; 10; 1
   20.79;    .56; 1974; 10; 2
   20.91;    .64; 1974; 10; 3
   21.05;    .74; 1974; 10; 4
   21.21;    .84; 1974; 11; 0
   21.38;    .95; 1974; 11; 1
   21.59;   1.06; 1974; 11; 2
   21.81;   1.17; 1974; 11; 3
   22.06;   1.29; 1974; 11; 4
   22.32;   1.39; 1974; 12; 0
   22.61;   1.48; 1974; 12; 1
   22.92;   1.55; 1974; 12; 2
   23.23;   1.60; 1974; 12; 3
   23.55;   1.61; 1974; 12; 4
   23.87;   1.59; 1975;  1; 0
   24.18;   1.52; 1975;  1; 1
   24.48;   1.42; 1975;  1; 2
   24.75;   1.27; 1975;  1; 3
   24.99;   1.09; 1975;  1; 4
   25.18;    .88; 1975;  2; 0
   25.34;    .64; 1975;  2; 1
   25.44;    .38; 1975;  2; 2
   25.49;    .11; 1975;  2; 3
   25.48;   -.16; 1975;  2; 4
   25.42;   -.42; 1975;  3; 0
   25.32;   -.67; 1975;  3; 1
   25.16;   -.89; 1975;  3; 2
   24.96;  -1.09; 1975;  3; 3
   24.73;  -1.25; 1975;  3; 4
   24.46;  -1.38; 1975;  4; 0
   24.17;  -1.48; 1975;  4; 1
   23.87;  -1.55; 1975;  4; 2
   23.56;  -1.59; 1975;  4; 3
   23.24;  -1.60; 1975;  4; 4
   22.92;  -1.60; 1975;  5; 0
   22.60;  -1.57; 1975;  5; 1
   22.29;  -1.54; 1975;  5; 2
   21.98;  -1.49; 1975;  5; 3
   21.69;  -1.44; 1975;  5; 4
   21.41;  -1.38; 1975;  6; 0
   21.14;  -1.32; 1975;  6; 1
   20.88;  -1.25; 1975;  6; 2
   20.64;  -1.18; 1975;  6; 3
   20.41;  -1.10; 1975;  6; 4
   20.20;  -1.02; 1975;  7; 0
   20.00;   -.93; 1975;  7; 1
   19.83;   -.83; 1975;  7; 2
   19.67;   -.73; 1975;  7; 3
   19.53;   -.62; 1975;  7; 4
   19.42;   -.50; 1975;  8; 0
   19.33;   -.38; 1975;  8; 1
   19.27;   -.25; 1975;  8; 2
   19.23;   -.13; 1975;  8; 3
   19.22;    .00; 1975;  8; 4
   19.23;    .12; 1975;  9; 0
   19.27;    .23; 1975;  9; 1
   19.32;    .34; 1975;  9; 2
   19.40;    .45; 1975;  9; 3
   19.50;    .55; 1975;  9; 4
   19.62;    .65; 1975; 10; 0
   19.76;    .75; 1975; 10; 1
   19.92;    .85; 1975; 10; 2
   20.10;    .96; 1975; 10; 3
   20.30;   1.07; 1975; 10; 4
   20.53;   1.19; 1975; 11; 0
   20.78;   1.31; 1975; 11; 1
   21.05;   1.44; 1975; 11; 2
   21.35;   1.56; 1975; 11; 3
   21.68;   1.69; 1975; 11; 4
   22.03;   1.80; 1975; 12; 0
   22.40;   1.90; 1975; 12; 1
   22.79;   1.98; 1975; 12; 2
   23.19;   2.04; 1975; 12; 3
   23.60;   2.06; 1975; 12; 4
   24.01;   2.04; 1976;  1; 0
   24.41;   1.98; 1976;  1; 1
   24.80;   1.88; 1976;  1; 2
   25.16;   1.74; 1976;  1; 3
   25.49;   1.56; 1976;  1; 4
   25.78;   1.34; 1976;  2; 0
   26.03;   1.10; 1976;  2; 1
   26.22;    .84; 1976;  2; 2
   26.36;    .57; 1976;  2; 3
   26.45;    .29; 1976;  2; 4
   26.48;    .03; 1976;  3; 0
   26.46;   -.23; 1976;  3; 1
   26.39;   -.46; 1976;  3; 2
   26.28;   -.67; 1976;  3; 3
   26.13;   -.84; 1976;  3; 4
   25.94;   -.99; 1976;  4; 0
   25.73;  -1.10; 1976;  4; 1
   25.50;  -1.18; 1976;  4; 2
   25.26;  -1.24; 1976;  4; 3
   25.01;  -1.27; 1976;  4; 4
   24.75;  -1.28; 1976;  5; 0
   24.50;  -1.27; 1976;  5; 1
   24.25;  -1.25; 1976;  5; 2
   24.00;  -1.22; 1976;  5; 3
   23.76;  -1.19; 1976;  5; 4
   23.52;  -1.15; 1976;  6; 0
   23.30;  -1.11; 1976;  6; 1
   23.08;  -1.06; 1976;  6; 2
   22.87;  -1.01; 1976;  6; 3
   22.68;   -.96; 1976;  6; 4
   22.49;   -.90; 1976;  7; 0
   22.32;   -.83; 1976;  7; 1
   22.16;   -.76; 1976;  7; 2
   22.01;   -.68; 1976;  7; 3
   21.88;   -.59; 1976;  7; 4
   21.78;   -.49; 1976;  8; 0
   21.69;   -.40; 1976;  8; 1
   21.62;   -.29; 1976;  8; 2
   21.57;   -.19; 1976;  8; 3
   21.54;   -.09; 1976;  8; 4
   21.53;    .01; 1976;  9; 0
   21.54;    .10; 1976;  9; 1
   21.57;    .19; 1976;  9; 2
   21.62;    .27; 1976;  9; 3
   21.68;    .36; 1976;  9; 4
   21.76;    .44; 1976; 10; 0
   21.86;    .52; 1976; 10; 1
   21.97;    .60; 1976; 10; 2
   22.10;    .69; 1976; 10; 3
   22.24;    .78; 1976; 10; 4
   22.41;    .89; 1976; 11; 0
   22.60;    .99; 1976; 11; 1
   22.81;   1.11; 1976; 11; 2
   23.04;   1.22; 1976; 11; 3
   23.30;   1.33; 1976; 11; 4
   23.57;   1.43; 1976; 12; 0
   23.87;   1.52; 1976; 12; 1
   24.18;   1.59; 1976; 12; 2
   24.50;   1.63; 1976; 12; 3
   24.83;   1.64; 1976; 12; 4
   25.16;   1.62; 1977;  1; 0
   25.48;   1.55; 1977;  1; 1
   25.78;   1.45; 1977;  1; 2
   26.06;   1.30; 1977;  1; 3
   26.30;   1.12; 1977;  1; 4
   26.50;    .91; 1977;  2; 0
   26.66;    .66; 1977;  2; 1
   26.77;    .40; 1977;  2; 2
   26.82;    .13; 1977;  2; 3
   26.82;   -.14; 1977;  2; 4
   26.77;   -.40; 1977;  3; 0
   26.66;   -.65; 1977;  3; 1
   26.50;   -.88; 1977;  3; 2
   26.31;  -1.08; 1977;  3; 3
   26.07;  -1.25; 1977;  3; 4
   25.81;  -1.39; 1977;  4; 0
   25.52;  -1.50; 1977;  4; 1
   25.21;  -1.57; 1977;  4; 2
   24.89;  -1.61; 1977;  4; 3
   24.57;  -1.63; 1977;  4; 4
   24.24;  -1.63; 1977;  5; 0
   23.92;  -1.61; 1977;  5; 1
   23.60;  -1.58; 1977;  5; 2
   23.28;  -1.54; 1977;  5; 3
   22.98;  -1.49; 1977;  5; 4
   22.69;  -1.44; 1977;  6; 0
   22.40;  -1.38; 1977;  6; 1
   22.13;  -1.32; 1977;  6; 2
   21.87;  -1.26; 1977;  6; 3
   21.63;  -1.19; 1977;  6; 4
   21.40;  -1.11; 1977;  7; 0
   21.18;  -1.03; 1977;  7; 1
   20.99;   -.94; 1977;  7; 2
   20.81;   -.85; 1977;  7; 3
   20.65;   -.74; 1977;  7; 4
   20.51;   -.63; 1977;  8; 0
   20.40;   -.52; 1977;  8; 1
   20.30;   -.40; 1977;  8; 2
   20.23;   -.28; 1977;  8; 3
   20.19;   -.17; 1977;  8; 4
   20.17;   -.06; 1977;  9; 0
   20.17;    .05; 1977;  9; 1
   20.19;    .16; 1977;  9; 2
   20.23;    .25; 1977;  9; 3
   20.29;    .35; 1977;  9; 4
   20.37;    .44; 1977; 10; 0
   20.47;    .54; 1977; 10; 1
   20.58;    .64; 1977; 10; 2
   20.72;    .74; 1977; 10; 3
   20.88;    .84; 1977; 10; 4
   21.06;    .96; 1977; 11; 0
   21.26;   1.07; 1977; 11; 1
   21.49;   1.20; 1977; 11; 2
   21.74;   1.32; 1977; 11; 3
   22.02;   1.44; 1977; 11; 4
   22.32;   1.55; 1977; 12; 0
   22.64;   1.65; 1977; 12; 1
   22.97;   1.72; 1977; 12; 2
   23.32;   1.77; 1977; 12; 3
   23.68;   1.79; 1977; 12; 4
   24.04;   1.77; 1978;  1; 0
   24.38;   1.71; 1978;  1; 1
   24.72;   1.61; 1978;  1; 2
   25.02;   1.46; 1978;  1; 3
   25.30;   1.29; 1978;  1; 4
   25.54;   1.07; 1978;  2; 0
   25.73;    .83; 1978;  2; 1
   25.87;    .58; 1978;  2; 2
   25.96;    .31; 1978;  2; 3
   25.99;    .03; 1978;  2; 4
   25.97;   -.23; 1978;  3; 0
   25.90;   -.48; 1978;  3; 1
   25.78;   -.71; 1978;  3; 2
   25.62;   -.91; 1978;  3; 3
   25.42;  -1.08; 1978;  3; 4
   25.19;  -1.22; 1978;  4; 0
   24.93;  -1.33; 1978;  4; 1
   24.66;  -1.41; 1978;  4; 2
   24.37;  -1.45; 1978;  4; 3
   24.08;  -1.48; 1978;  4; 4
   23.78;  -1.48; 1978;  5; 0
   23.49;  -1.46; 1978;  5; 1
   23.20;  -1.43; 1978;  5; 2
   22.91;  -1.40; 1978;  5; 3
   22.64;  -1.35; 1978;  5; 4
   22.37;  -1.30; 1978;  6; 0
   22.12;  -1.25; 1978;  6; 1
   21.87;  -1.19; 1978;  6; 2
   21.64;  -1.13; 1978;  6; 3
   21.42;  -1.07; 1978;  6; 4
   21.21;   -.99; 1978;  7; 0
   21.02;   -.92; 1978;  7; 1
   20.85;   -.83; 1978;  7; 2
   20.69;   -.74; 1978;  7; 3
   20.55;   -.64; 1978;  7; 4
   20.44;   -.53; 1978;  8; 0
   20.34;   -.42; 1978;  8; 1
   20.27;   -.31; 1978;  8; 2
   20.22;   -.19; 1978;  8; 3
   20.19;   -.08; 1978;  8; 4
   20.19;    .03; 1978;  9; 0
   20.20;    .14; 1978;  9; 1
   20.24;    .24; 1978;  9; 2
   20.30;    .34; 1978;  9; 3
   20.38;    .43; 1978;  9; 4
   20.47;    .53; 1978; 10; 0
   20.59;    .62; 1978; 10; 1
   20.72;    .72; 1978; 10; 2
   20.87;    .82; 1978; 10; 3
   21.05;    .92; 1978; 10; 4
   21.24;   1.03; 1978; 11; 0
   21.46;   1.15; 1978; 11; 1
   21.71;   1.27; 1978; 11; 2
   21.97;   1.40; 1978; 11; 3
   22.26;   1.52; 1978; 11; 4
   22.58;   1.63; 1978; 12; 0
   22.91;   1.72; 1978; 12; 1
   23.27;   1.80; 1978; 12; 2
   23.63;   1.85; 1978; 12; 3
   24.01;   1.87; 1978; 12; 4
   24.38;   1.85; 1979;  1; 0
   24.74;   1.79; 1979;  1; 1
   25.09;   1.69; 1979;  1; 2
   25.42;   1.55; 1979;  1; 3
   25.71;   1.37; 1979;  1; 4
   25.96;   1.16; 1979;  2; 0
   26.17;    .92; 1979;  2; 1
   26.33;    .67; 1979;  2; 2
   26.44;    .40; 1979;  2; 3
   26.49;    .13; 1979;  2; 4
   26.49;   -.14; 1979;  3; 0
   26.44;   -.39; 1979;  3; 1
   26.33;   -.62; 1979;  3; 2
   26.19;   -.82; 1979;  3; 3
   26.01;   -.99; 1979;  3; 4
   25.80;  -1.13; 1979;  4; 0
   25.56;  -1.24; 1979;  4; 1
   25.30;  -1.32; 1979;  4; 2
   25.03;  -1.37; 1979;  4; 3
   24.76;  -1.39; 1979;  4; 4
   24.48;  -1.39; 1979;  5; 0
   24.20;  -1.38; 1979;  5; 1
   23.93;  -1.35; 1979;  5; 2
   23.66;  -1.32; 1979;  5; 3
   23.40;  -1.27; 1979;  5; 4
   23.15;  -1.23; 1979;  6; 0
   22.91;  -1.18; 1979;  6; 1
   22.68;  -1.12; 1979;  6; 2
   22.46;  -1.07; 1979;  6; 3
   22.26;  -1.00; 1979;  6; 4
   22.06;   -.94; 1979;  7; 0
   21.88;   -.86; 1979;  7; 1
   21.72;   -.78; 1979;  7; 2
   21.57;   -.70; 1979;  7; 3
   21.44;   -.60; 1979;  7; 4
   21.33;   -.50; 1979;  8; 0
   21.24;   -.40; 1979;  8; 1
   21.17;   -.29; 1979;  8; 2
   21.12;   -.18; 1979;  8; 3
   21.09;   -.08; 1979;  8; 4
   21.09;    .02; 1979;  9; 0
   21.10;    .12; 1979;  9; 1
   21.14;    .22; 1979;  9; 2
   21.19;    .31; 1979;  9; 3
   21.26;    .39; 1979;  9; 4
   21.35;    .48; 1979; 10; 0
   21.45;    .57; 1979; 10; 1
   21.58;    .66; 1979; 10; 2
   21.72;    .75; 1979; 10; 3
   21.88;    .85; 1979; 10; 4
   22.06;    .95; 1979; 11; 0
   22.26;   1.06; 1979; 11; 1
   22.48;   1.18; 1979; 11; 2
   22.73;   1.29; 1979; 11; 3
   23.00;   1.40; 1979; 11; 4
   23.29;   1.50; 1979; 12; 0
   23.60;   1.59; 1979; 12; 1
   23.92;   1.66; 1979; 12; 2
   24.26;   1.70; 1979; 12; 3
   24.60;   1.71; 1979; 12; 4
   24.94;   1.69; 1980;  1; 0
   25.28;   1.62; 1980;  1; 1
   25.59;   1.52; 1980;  1; 2
   25.88;   1.37; 1980;  1; 3
   26.14;   1.19; 1980;  1; 4
   26.36;    .98; 1980;  2; 0
   26.53;    .74; 1980;  2; 1
   26.65;    .48; 1980;  2; 2
   26.72;    .20; 1980;  2; 3
   26.73;   -.07; 1980;  2; 4
   26.69;   -.33; 1980;  3; 0
   26.60;   -.59; 1980;  3; 1
   26.46;   -.82; 1980;  3; 2
   26.27;  -1.02; 1980;  3; 3
   26.05;  -1.19; 1980;  3; 4
   25.80;  -1.34; 1980;  4; 0
   25.52;  -1.44; 1980;  4; 1
   25.22;  -1.52; 1980;  4; 2
   24.91;  -1.57; 1980;  4; 3
   24.60;  -1.59; 1980;  4; 4
   24.28;  -1.59; 1980;  5; 0
   23.96;  -1.57; 1980;  5; 1
   23.65;  -1.54; 1980;  5; 2
   23.35;  -1.50; 1980;  5; 3
   23.05;  -1.45; 1980;  5; 4
   22.76;  -1.40; 1980;  6; 0
   22.49;  -1.35; 1980;  6; 1
   22.23;  -1.29; 1980;  6; 2
   21.98;  -1.22; 1980;  6; 3
   21.74;  -1.15; 1980;  6; 4
   21.51;  -1.08; 1980;  7; 0
   21.31;  -1.00; 1980;  7; 1
   21.12;   -.91; 1980;  7; 2
   20.94;   -.82; 1980;  7; 3
   20.79;   -.71; 1980;  7; 4
   20.66;   -.61; 1980;  8; 0
   20.55;   -.49; 1980;  8; 1
   20.46;   -.38; 1980;  8; 2
   20.39;   -.26; 1980;  8; 3
   20.35;   -.15; 1980;  8; 4
   20.33;   -.04; 1980;  9; 0
   20.34;    .07; 1980;  9; 1
   20.36;    .17; 1980;  9; 2
   20.41;    .27; 1980;  9; 3
   20.47;    .37; 1980;  9; 4
   20.55;    .47; 1980; 10; 0
   20.66;    .56; 1980; 10; 1
   20.78;    .66; 1980; 10; 2
   20.92;    .76; 1980; 10; 3
   21.08;    .87; 1980; 10; 4
   21.27;    .98; 1980; 11; 0
   21.48;   1.10; 1980; 11; 1
   21.71;   1.22; 1980; 11; 2
   21.96;   1.34; 1980; 11; 3
   22.24;   1.46; 1980; 11; 4
   22.55;   1.56; 1980; 12; 0
   22.87;   1.66; 1980; 12; 1
   23.21;   1.73; 1980; 12; 2
   23.56;   1.78; 1980; 12; 3
   23.92;   1.79; 1980; 12; 4
   24.28;   1.77; 1981;  1; 0
   24.63;   1.71; 1981;  1; 1
   24.96;   1.61; 1981;  1; 2
   25.27;   1.47; 1981;  1; 3
   25.54;   1.29; 1981;  1; 4
   25.78;   1.08; 1981;  2; 0
   25.97;    .84; 1981;  2; 1
   26.11;    .58; 1981;  2; 2
   26.20;    .31; 1981;  2; 3
   26.24;    .03; 1981;  2; 4
   26.22;   -.23; 1981;  3; 0
   26.14;   -.49; 1981;  3; 1
   26.02;   -.72; 1981;  3; 2
   25.86;   -.93; 1981;  3; 3
   25.65;  -1.10; 1981;  3; 4
   25.42;  -1.25; 1981;  4; 0
   25.16;  -1.36; 1981;  4; 1
   24.88;  -1.44; 1981;  4; 2
   24.58;  -1.49; 1981;  4; 3
   24.28;  -1.52; 1981;  4; 4
   23.98;  -1.52; 1981;  5; 0
   23.67;  -1.51; 1981;  5; 1
   23.37;  -1.49; 1981;  5; 2
   23.08;  -1.45; 1981;  5; 3
   22.79;  -1.41; 1981;  5; 4
   22.51;  -1.36; 1981;  6; 0
   22.24;  -1.31; 1981;  6; 1
   21.99;  -1.26; 1981;  6; 2
   21.74;  -1.20; 1981;  6; 3
   21.51;  -1.14; 1981;  6; 4
   21.28;  -1.07; 1981;  7; 0
   21.08;  -1.00; 1981;  7; 1
   20.89;   -.91; 1981;  7; 2
   20.71;   -.83; 1981;  7; 3
   20.56;   -.73; 1981;  7; 4
   20.42;   -.63; 1981;  8; 0
   20.31;   -.52; 1981;  8; 1
   20.21;   -.41; 1981;  8; 2
   20.14;   -.30; 1981;  8; 3
   20.09;   -.19; 1981;  8; 4
   20.06;   -.08; 1981;  9; 0
   20.06;    .02; 1981;  9; 1
   20.07;    .12; 1981;  9; 2
   20.11;    .22; 1981;  9; 3
   20.16;    .32; 1981;  9; 4
   20.24;    .41; 1981; 10; 0
   20.33;    .51; 1981; 10; 1
   20.44;    .61; 1981; 10; 2
   20.57;    .71; 1981; 10; 3
   20.73;    .82; 1981; 10; 4
   20.90;    .94; 1981; 11; 0
   21.10;   1.06; 1981; 11; 1
   21.33;   1.18; 1981; 11; 2
   21.57;   1.31; 1981; 11; 3
   21.85;   1.43; 1981; 11; 4
   22.15;   1.55; 1981; 12; 0
   22.47;   1.65; 1981; 12; 1
   22.81;   1.73; 1981; 12; 2
   23.16;   1.78; 1981; 12; 3
   23.52;   1.81; 1981; 12; 4
   23.88;   1.80; 1982;  1; 0
   24.23;   1.75; 1982;  1; 1
   24.57;   1.66; 1982;  1; 2
   24.89;   1.53; 1982;  1; 3
   25.18;   1.36; 1982;  1; 4
   25.44;   1.16; 1982;  2; 0
   25.65;    .94; 1982;  2; 1
   25.81;    .69; 1982;  2; 2
   25.92;    .44; 1982;  2; 3
   25.98;    .18; 1982;  2; 4
   25.99;   -.07; 1982;  3; 0
   25.95;   -.31; 1982;  3; 1
   25.87;   -.53; 1982;  3; 2
   25.74;   -.72; 1982;  3; 3
   25.58;   -.88; 1982;  3; 4
   25.39;  -1.01; 1982;  4; 0
   25.18;  -1.11; 1982;  4; 1
   24.95;  -1.17; 1982;  4; 2
   24.72;  -1.21; 1982;  4; 3
   24.47;  -1.22; 1982;  4; 4
   24.23;  -1.21; 1982;  5; 0
   23.99;  -1.18; 1982;  5; 1
   23.76;  -1.14; 1982;  5; 2
   23.54;  -1.09; 1982;  5; 3
   23.32;  -1.03; 1982;  5; 4
   23.12;   -.97; 1982;  6; 0
   22.94;   -.90; 1982;  6; 1
   22.76;   -.84; 1982;  6; 2
   22.60;   -.77; 1982;  6; 3
   22.46;   -.69; 1982;  6; 4
   22.33;   -.61; 1982;  7; 0
   22.21;   -.53; 1982;  7; 1
   22.11;   -.44; 1982;  7; 2
   22.04;   -.34; 1982;  7; 3
   21.98;   -.24; 1982;  7; 4
   21.94;   -.13; 1982;  8; 0
   21.92;   -.02; 1982;  8; 1
   21.93;    .09; 1982;  8; 2
   21.96;    .20; 1982;  8; 3
   22.01;    .31; 1982;  8; 4
   22.08;    .42; 1982;  9; 0
   22.18;    .52; 1982;  9; 1
   22.29;    .62; 1982;  9; 2
   22.43;    .72; 1982;  9; 3
   22.58;    .81; 1982;  9; 4
   22.75;    .90; 1982; 10; 0
   22.94;    .98; 1982; 10; 1
   23.15;   1.07; 1982; 10; 2
   23.37;   1.17; 1982; 10; 3
   23.61;   1.26; 1982; 10; 4
   23.87;   1.36; 1982; 11; 0
   24.16;   1.47; 1982; 11; 1
   24.46;   1.58; 1982; 11; 2
   24.79;   1.68; 1982; 11; 3
   25.14;   1.79; 1982; 11; 4
   25.50;   1.88; 1982; 12; 0
   25.89;   1.96; 1982; 12; 1
   26.29;   2.01; 1982; 12; 2
   26.69;   2.05; 1982; 12; 3
   27.10;   2.04; 1982; 12; 4
   27.51;   2.01; 1983;  1; 0
   27.90;   1.93; 1983;  1; 1
   28.28;   1.81; 1983;  1; 2
   28.62;   1.65; 1983;  1; 3
   28.93;   1.45; 1983;  1; 4
   29.20;   1.22; 1983;  2; 0
   29.42;    .97; 1983;  2; 1
   29.59;    .69; 1983;  2; 2
   29.70;    .40; 1983;  2; 3
   29.75;    .11; 1983;  2; 4
   29.74;   -.17; 1983;  3; 0
   29.68;   -.44; 1983;  3; 1
   29.57;   -.69; 1983;  3; 2
   29.41;   -.92; 1983;  3; 3
   29.20;  -1.11; 1983;  3; 4
   28.96;  -1.28; 1983;  4; 0
   28.69;  -1.41; 1983;  4; 1
   28.40;  -1.51; 1983;  4; 2
   28.09;  -1.58; 1983;  4; 3
   27.77;  -1.62; 1983;  4; 4
   27.44;  -1.64; 1983;  5; 0
   27.12;  -1.64; 1983;  5; 1
   26.79;  -1.63; 1983;  5; 2
   26.46;  -1.61; 1983;  5; 3
   26.14;  -1.59; 1983;  5; 4
   25.83;  -1.55; 1983;  6; 0
   25.52;  -1.51; 1983;  6; 1
   25.22;  -1.47; 1983;  6; 2
   24.93;  -1.43; 1983;  6; 3
   24.65;  -1.37; 1983;  6; 4
   24.38;  -1.32; 1983;  7; 0
   24.13;  -1.25; 1983;  7; 1
   23.88;  -1.18; 1983;  7; 2
   23.65;  -1.11; 1983;  7; 3
   23.44;  -1.02; 1983;  7; 4
   23.25;   -.93; 1983;  8; 0
   23.07;   -.83; 1983;  8; 1
   22.91;   -.73; 1983;  8; 2
   22.78;   -.63; 1983;  8; 3
   22.66;   -.53; 1983;  8; 4
   22.57;   -.43; 1983;  9; 0
   22.49;   -.33; 1983;  9; 1
   22.43;   -.23; 1983;  9; 2
   22.40;   -.14; 1983;  9; 3
   22.38;   -.04; 1983;  9; 4
   22.38;    .05; 1983; 10; 0
   22.40;    .14; 1983; 10; 1
   22.44;    .24; 1983; 10; 2
   22.49;    .34; 1983; 10; 3
   22.57;    .44; 1983; 10; 4
   22.67;    .55; 1983; 11; 0
   22.79;    .67; 1983; 11; 1
   22.94;    .79; 1983; 11; 2
   23.11;    .92; 1983; 11; 3
   23.31;   1.04; 1983; 11; 4
   23.52;   1.15; 1983; 12; 0
   23.76;   1.24; 1983; 12; 1
   24.02;   1.32; 1983; 12; 2
   24.29;   1.38; 1983; 12; 3
   24.57;   1.40; 1983; 12; 4
   24.85;   1.38; 1984;  1; 0
   25.12;   1.33; 1984;  1; 1
   25.38;   1.24; 1984;  1; 2
   25.62;   1.11; 1984;  1; 3
   25.82;    .95; 1984;  1; 4
   25.99;    .75; 1984;  2; 0
   26.12;    .52; 1984;  2; 1
   26.20;    .28; 1984;  2; 2
   26.23;    .02; 1984;  2; 3
   26.21;   -.24; 1984;  2; 4
   26.13;   -.49; 1984;  3; 0
   26.01;   -.73; 1984;  3; 1
   25.84;   -.95; 1984;  3; 2
   25.63;  -1.14; 1984;  3; 3
   25.39;  -1.30; 1984;  3; 4
   25.11;  -1.43; 1984;  4; 0
   24.82;  -1.53; 1984;  4; 1
   24.50;  -1.60; 1984;  4; 2
   24.18;  -1.64; 1984;  4; 3
   23.85;  -1.65; 1984;  4; 4
   23.52;  -1.64; 1984;  5; 0
   23.19;  -1.61; 1984;  5; 1
   22.88;  -1.57; 1984;  5; 2
   22.57;  -1.52; 1984;  5; 3
   22.27;  -1.46; 1984;  5; 4
   21.98;  -1.40; 1984;  6; 0
   21.71;  -1.34; 1984;  6; 1
   21.45;  -1.27; 1984;  6; 2
   21.20;  -1.20; 1984;  6; 3
   20.97;  -1.12; 1984;  6; 4
   20.75;  -1.04; 1984;  7; 0
   20.55;   -.96; 1984;  7; 1
   20.37;   -.87; 1984;  7; 2
   20.20;   -.77; 1984;  7; 3
   20.06;   -.67; 1984;  7; 4
   19.94;   -.56; 1984;  8; 0
   19.84;   -.45; 1984;  8; 1
   19.76;   -.33; 1984;  8; 2
   19.70;   -.22; 1984;  8; 3
   19.67;   -.11; 1984;  8; 4
   19.66;    .01; 1984;  9; 0
   19.67;    .11; 1984;  9; 1
   19.70;    .22; 1984;  9; 2
   19.76;    .32; 1984;  9; 3
   19.83;    .42; 1984;  9; 4
   19.92;    .51; 1984; 10; 0
   20.04;    .61; 1984; 10; 1
   20.17;    .71; 1984; 10; 2
   20.32;    .81; 1984; 10; 3
   20.49;    .91; 1984; 10; 4
   20.68;   1.02; 1984; 11; 0
   20.90;   1.14; 1984; 11; 1
   21.14;   1.25; 1984; 11; 2
   21.40;   1.37; 1984; 11; 3
   21.69;   1.48; 1984; 11; 4
   21.99;   1.59; 1984; 12; 0
   22.32;   1.67; 1984; 12; 1
   22.66;   1.74; 1984; 12; 2
   23.02;   1.79; 1984; 12; 3
   23.38;   1.80; 1984; 12; 4
   23.73;   1.77; 1985;  1; 0
   24.08;   1.71; 1985;  1; 1
   24.42;   1.61; 1985;  1; 2
   24.72;   1.46; 1985;  1; 3
   25.00;   1.29; 1985;  1; 4
   25.24;   1.07; 1985;  2; 0
   25.43;    .83; 1985;  2; 1
   25.57;    .58; 1985;  2; 2
   25.66;    .31; 1985;  2; 3
   25.69;    .03; 1985;  2; 4
   25.67;   -.24; 1985;  3; 0
   25.60;   -.49; 1985;  3; 1
   25.47;   -.72; 1985;  3; 2
   25.31;   -.93; 1985;  3; 3
   25.10;  -1.11; 1985;  3; 4
   24.87;  -1.26; 1985;  4; 0
   24.60;  -1.37; 1985;  4; 1
   24.32;  -1.45; 1985;  4; 2
   24.03;  -1.50; 1985;  4; 3
   23.72;  -1.53; 1985;  4; 4
   23.41;  -1.53; 1985;  5; 0
   23.11;  -1.52; 1985;  5; 1
   22.81;  -1.49; 1985;  5; 2
   22.51;  -1.45; 1985;  5; 3
   22.23;  -1.41; 1985;  5; 4
   21.95;  -1.35; 1985;  6; 0
   21.69;  -1.30; 1985;  6; 1
   21.43;  -1.24; 1985;  6; 2
   21.19;  -1.18; 1985;  6; 3
   20.96;  -1.11; 1985;  6; 4
   20.75;  -1.04; 1985;  7; 0
   20.55;   -.96; 1985;  7; 1
   20.36;   -.88; 1985;  7; 2
   20.20;   -.79; 1985;  7; 3
   20.05;   -.69; 1985;  7; 4
   19.92;   -.59; 1985;  8; 0
   19.81;   -.48; 1985;  8; 1
   19.73;   -.37; 1985;  8; 2
   19.66;   -.26; 1985;  8; 3
   19.62;   -.15; 1985;  8; 4
   19.60;   -.04; 1985;  9; 0
   19.60;    .06; 1985;  9; 1
   19.63;    .17; 1985;  9; 2
   19.67;    .27; 1985;  9; 3
   19.73;    .37; 1985;  9; 4
   19.82;    .47; 1985; 10; 0
   19.92;    .56; 1985; 10; 1
   20.04;    .66; 1985; 10; 2
   20.19;    .77; 1985; 10; 3
   20.35;    .88; 1985; 10; 4
   20.54;    .99; 1985; 11; 0
   20.75;   1.11; 1985; 11; 1
   20.98;   1.23; 1985; 11; 2
   21.24;   1.35; 1985; 11; 3
   21.52;   1.47; 1985; 11; 4
   21.83;   1.58; 1985; 12; 0
   22.15;   1.67; 1985; 12; 1
   22.50;   1.75; 1985; 12; 2
   22.85;   1.80; 1985; 12; 3
   23.21;   1.81; 1985; 12; 4
   23.57;   1.80; 1986;  1; 0
   23.93;   1.74; 1986;  1; 1
   24.27;   1.64; 1986;  1; 2
   24.58;   1.51; 1986;  1; 3
   24.87;   1.34; 1986;  1; 4
   25.12;   1.13; 1986;  2; 0
   25.32;    .90; 1986;  2; 1
   25.48;    .65; 1986;  2; 2
   25.58;    .39; 1986;  2; 3
   25.63;    .13; 1986;  2; 4
   25.63;   -.13; 1986;  3; 0
   25.58;   -.38; 1986;  3; 1
   25.48;   -.61; 1986;  3; 2
   25.34;   -.81; 1986;  3; 3
   25.16;   -.98; 1986;  3; 4
   24.95;  -1.12; 1986;  4; 0
   24.72;  -1.22; 1986;  4; 1
   24.46;  -1.30; 1986;  4; 2
   24.20;  -1.35; 1986;  4; 3
   23.93;  -1.37; 1986;  4; 4
   23.65;  -1.36; 1986;  5; 0
   23.38;  -1.34; 1986;  5; 1
   23.12;  -1.31; 1986;  5; 2
   22.86;  -1.26; 1986;  5; 3
   22.61;  -1.21; 1986;  5; 4
   22.37;  -1.15; 1986;  6; 0
   22.15;  -1.09; 1986;  6; 1
   21.94;  -1.03; 1986;  6; 2
   21.74;   -.96; 1986;  6; 3
   21.55;   -.89; 1986;  6; 4
   21.38;   -.82; 1986;  7; 0
   21.22;   -.74; 1986;  7; 1
   21.08;   -.65; 1986;  7; 2
   20.96;   -.56; 1986;  7; 3
   20.86;   -.46; 1986;  7; 4
   20.78;   -.36; 1986;  8; 0
   20.72;   -.25; 1986;  8; 1
   20.68;   -.14; 1986;  8; 2
   20.66;   -.03; 1986;  8; 3
   20.66;    .08; 1986;  8; 4
   20.69;    .19; 1986;  9; 0
   20.74;    .29; 1986;  9; 1
   20.81;    .40; 1986;  9; 2
   20.90;    .50; 1986;  9; 3
   21.01;    .59; 1986;  9; 4
   21.13;    .69; 1986; 10; 0
   21.28;    .78; 1986; 10; 1
   21.45;    .88; 1986; 10; 2
   21.63;    .98; 1986; 10; 3
   21.84;   1.09; 1986; 10; 4
   22.07;   1.19; 1986; 11; 0
   22.32;   1.31; 1986; 11; 1
   22.59;   1.42; 1986; 11; 2
   22.89;   1.54; 1986; 11; 3
   23.21;   1.65; 1986; 11; 4
   23.55;   1.75; 1986; 12; 0
   23.91;   1.83; 1986; 12; 1
   24.28;   1.90; 1986; 12; 2
   24.66;   1.94; 1986; 12; 3
   25.05;   1.95; 1986; 12; 4
   25.44;   1.92; 1987;  1; 0
   25.82;   1.86; 1987;  1; 1
   26.18;   1.75; 1987;  1; 2
   26.52;   1.61; 1987;  1; 3
   26.82;   1.43; 1987;  1; 4
   27.09;   1.21; 1987;  2; 0
   27.31;    .97; 1987;  2; 1
   27.48;    .71; 1987;  2; 2
   27.59;    .44; 1987;  2; 3
   27.65;    .16; 1987;  2; 4
   27.65;   -.11; 1987;  3; 0
   27.60;   -.37; 1987;  3; 1
   27.51;   -.61; 1987;  3; 2
   27.36;   -.83; 1987;  3; 3
   27.18;  -1.01; 1987;  3; 4
   26.96;  -1.17; 1987;  4; 0
   26.71;  -1.29; 1987;  4; 1
   26.44;  -1.38; 1987;  4; 2
   26.16;  -1.44; 1987;  4; 3
   25.87;  -1.47; 1987;  4; 4
   25.57;  -1.48; 1987;  5; 0
   25.28;  -1.48; 1987;  5; 1
   24.98;  -1.46; 1987;  5; 2
   24.69;  -1.43; 1987;  5; 3
   24.41;  -1.39; 1987;  5; 4
   24.14;  -1.35; 1987;  6; 0
   23.87;  -1.30; 1987;  6; 1
   23.62;  -1.25; 1987;  6; 2
   23.37;  -1.20; 1987;  6; 3
   23.14;  -1.14; 1987;  6; 4
   22.92;  -1.08; 1987;  7; 0
   22.71;  -1.01; 1987;  7; 1
   22.51;   -.94; 1987;  7; 2
   22.33;   -.86; 1987;  7; 3
   22.17;   -.78; 1987;  7; 4
   22.02;   -.69; 1987;  8; 0
   21.89;   -.59; 1987;  8; 1
   21.78;   -.49; 1987;  8; 2
   21.70;   -.40; 1987;  8; 3
   21.63;   -.30; 1987;  8; 4
   21.58;   -.20; 1987;  9; 0
   21.55;   -.10; 1987;  9; 1
   21.54;   -.01; 1987;  9; 2
   21.55;    .09; 1987;  9; 3
   21.57;    .18; 1987;  9; 4
   21.62;    .26; 1987; 10; 0
   21.68;    .35; 1987; 10; 1
   21.76;    .45; 1987; 10; 2
   21.86;    .54; 1987; 10; 3
   21.97;    .64; 1987; 10; 4
   22.11;    .75; 1987; 11; 0
   22.27;    .86; 1987; 11; 1
   22.46;    .97; 1987; 11; 2
   22.66;   1.08; 1987; 11; 3
   22.89;   1.19; 1987; 11; 4
   23.14;   1.29; 1987; 12; 0
   23.41;   1.38; 1987; 12; 1
   23.69;   1.45; 1987; 12; 2
   23.99;   1.49; 1987; 12; 3
   24.29;   1.50; 1987; 12; 4
   24.58;   1.48; 1988;  1; 0
   24.88;   1.42; 1988;  1; 1
   25.15;   1.32; 1988;  1; 2
   25.40;   1.19; 1988;  1; 3
   25.62;   1.01; 1988;  1; 4
   25.81;    .81; 1988;  2; 0
   25.95;    .58; 1988;  2; 1
   26.04;    .33; 1988;  2; 2
   26.08;    .07; 1988;  2; 3
   26.06;   -.20; 1988;  2; 4
   26.00;   -.46; 1988;  3; 0
   25.88;   -.71; 1988;  3; 1
   25.72;   -.93; 1988;  3; 2
   25.51;  -1.13; 1988;  3; 3
   25.26;  -1.30; 1988;  3; 4
   24.99;  -1.44; 1988;  4; 0
   24.69;  -1.55; 1988;  4; 1
   24.37;  -1.62; 1988;  4; 2
   24.04;  -1.66; 1988;  4; 3
   23.71;  -1.68; 1988;  4; 4
   23.37;  -1.68; 1988;  5; 0
   23.04;  -1.65; 1988;  5; 1
   22.71;  -1.61; 1988;  5; 2
   22.39;  -1.56; 1988;  5; 3
   22.09;  -1.50; 1988;  5; 4
   21.79;  -1.44; 1988;  6; 0
   21.51;  -1.37; 1988;  6; 1
   21.24;  -1.30; 1988;  6; 2
   20.99;  -1.23; 1988;  6; 3
   20.75;  -1.15; 1988;  6; 4
   20.53;  -1.07; 1988;  7; 0
   20.32;   -.99; 1988;  7; 1
   20.13;   -.90; 1988;  7; 2
   19.96;   -.80; 1988;  7; 3
   19.81;   -.70; 1988;  7; 4
   19.68;   -.59; 1988;  8; 0
   19.58;   -.47; 1988;  8; 1
   19.49;   -.36; 1988;  8; 2
   19.43;   -.24; 1988;  8; 3
   19.40;   -.13; 1988;  8; 4
   19.38;   -.01; 1988;  9; 0
   19.39;    .10; 1988;  9; 1
   19.43;    .21; 1988;  9; 2
   19.48;    .32; 1988;  9; 3
   19.55;    .42; 1988;  9; 4
   19.65;    .53; 1988; 10; 0
   19.76;    .63; 1988; 10; 1
   19.90;    .74; 1988; 10; 2
   20.06;    .84; 1988; 10; 3
   20.24;    .96; 1988; 10; 4
   20.44;   1.07; 1988; 11; 0
   20.67;   1.19; 1988; 11; 1
   20.92;   1.31; 1988; 11; 2
   21.19;   1.43; 1988; 11; 3
   21.49;   1.55; 1988; 11; 4
   21.81;   1.66; 1988; 12; 0
   22.15;   1.75; 1988; 12; 1
   22.51;   1.82; 1988; 12; 2
   22.88;   1.86; 1988; 12; 3
   23.25;   1.88; 1988; 12; 4
   23.63;   1.86; 1989;  1; 0
   24.00;   1.80; 1989;  1; 1
   24.35;   1.70; 1989;  1; 2
   24.67;   1.56; 1989;  1; 3
   24.97;   1.39; 1989;  1; 4
   25.23;   1.18; 1989;  2; 0
   25.44;    .95; 1989;  2; 1
   25.61;    .70; 1989;  2; 2
   25.72;    .43; 1989;  2; 3
   25.78;    .16; 1989;  2; 4
   25.78;   -.11; 1989;  3; 0
   25.74;   -.36; 1989;  3; 1
   25.64;   -.59; 1989;  3; 2
   25.50;   -.80; 1989;  3; 3
   25.32;   -.98; 1989;  3; 4
   25.11;  -1.13; 1989;  4; 0
   24.87;  -1.25; 1989;  4; 1
   24.61;  -1.33; 1989;  4; 2
   24.34;  -1.39; 1989;  4; 3
   24.06;  -1.41; 1989;  4; 4
   23.78;  -1.42; 1989;  5; 0
   23.49;  -1.41; 1989;  5; 1
   23.22;  -1.38; 1989;  5; 2
   22.94;  -1.34; 1989;  5; 3
   22.68;  -1.30; 1989;  5; 4
   22.42;  -1.25; 1989;  6; 0
   22.18;  -1.19; 1989;  6; 1
   21.95;  -1.13; 1989;  6; 2
   21.73;  -1.07; 1989;  6; 3
   21.52;  -1.01; 1989;  6; 4
   21.32;   -.94; 1989;  7; 0
   21.14;   -.87; 1989;  7; 1
   20.98;   -.79; 1989;  7; 2
   20.83;   -.71; 1989;  7; 3
   20.69;   -.62; 1989;  7; 4
   20.58;   -.52; 1989;  8; 0
   20.48;   -.43; 1989;  8; 1
   20.41;   -.32; 1989;  8; 2
   20.35;   -.22; 1989;  8; 3
   20.32;   -.12; 1989;  8; 4
   20.31;   -.01; 1989;  9; 0
   20.32;    .09; 1989;  9; 1
   20.34;    .19; 1989;  9; 2
   20.39;    .28; 1989;  9; 3
   20.46;    .38; 1989;  9; 4
   20.54;    .47; 1989; 10; 0
   20.65;    .57; 1989; 10; 1
   20.77;    .66; 1989; 10; 2
   20.91;    .76; 1989; 10; 3
   21.08;    .87; 1989; 10; 4
   21.26;    .98; 1989; 11; 0
   21.47;   1.09; 1989; 11; 1
   21.69;   1.20; 1989; 11; 2
   21.95;   1.31; 1989; 11; 3
   22.22;   1.42; 1989; 11; 4
   22.52;   1.52; 1989; 12; 0
   22.83;   1.61; 1989; 12; 1
   23.16;   1.68; 1989; 12; 2
   23.50;   1.72; 1989; 12; 3
   23.84;   1.73; 1989; 12; 4
   24.19;   1.70; 1990;  1; 0
   24.52;   1.64; 1990;  1; 1
   24.84;   1.54; 1990;  1; 2
   25.14;   1.40; 1990;  1; 3
   25.40;   1.23; 1990;  1; 4
   25.63;   1.02; 1990;  2; 0
   25.81;    .79; 1990;  2; 1
   25.94;    .54; 1990;  2; 2
   26.02;    .27; 1990;  2; 3
   26.05;    .00; 1990;  2; 4
   26.03;   -.26; 1990;  3; 0
   25.95;   -.51; 1990;  3; 1
   25.82;   -.74; 1990;  3; 2
   25.65;   -.95; 1990;  3; 3
   25.44;  -1.13; 1990;  3; 4
   25.20;  -1.27; 1990;  4; 0
   24.94;  -1.39; 1990;  4; 1
   24.65;  -1.47; 1990;  4; 2
   24.35;  -1.52; 1990;  4; 3
   24.04;  -1.54; 1990;  4; 4
   23.73;  -1.55; 1990;  5; 0
   23.43;  -1.53; 1990;  5; 1
   23.12;  -1.50; 1990;  5; 2
   22.83;  -1.45; 1990;  5; 3
   22.54;  -1.40; 1990;  5; 4
   22.27;  -1.34; 1990;  6; 0
   22.01;  -1.28; 1990;  6; 1
   21.76;  -1.22; 1990;  6; 2
   21.52;  -1.15; 1990;  6; 3
   21.30;  -1.08; 1990;  6; 4
   21.09;  -1.01; 1990;  7; 0
   20.89;   -.93; 1990;  7; 1
   20.72;   -.84; 1990;  7; 2
   20.56;   -.75; 1990;  7; 3
   20.41;   -.66; 1990;  7; 4
   20.29;   -.56; 1990;  8; 0
   20.19;   -.45; 1990;  8; 1
   20.11;   -.35; 1990;  8; 2
   20.05;   -.23; 1990;  8; 3
   20.02;   -.12; 1990;  8; 4
   20.00;   -.01; 1990;  9; 0
   20.01;    .09; 1990;  9; 1
   20.04;    .20; 1990;  9; 2
   20.09;    .30; 1990;  9; 3
   20.16;    .41; 1990;  9; 4
   20.25;    .51; 1990; 10; 0
   20.36;    .61; 1990; 10; 1
   20.50;    .71; 1990; 10; 2
   20.65;    .82; 1990; 10; 3
   20.82;    .93; 1990; 10; 4
   21.02;   1.04; 1990; 11; 0
   21.24;   1.16; 1990; 11; 1
   21.49;   1.28; 1990; 11; 2
   21.75;   1.40; 1990; 11; 3
   22.04;   1.51; 1990; 11; 4
   22.36;   1.62; 1990; 12; 0
   22.69;   1.71; 1990; 12; 1
   23.04;   1.78; 1990; 12; 2
   23.40;   1.82; 1990; 12; 3
   23.77;   1.84; 1990; 12; 4
   24.13;   1.82; 1991;  1; 0
   24.49;   1.76; 1991;  1; 1
   24.84;   1.67; 1991;  1; 2
   25.16;   1.53; 1991;  1; 3
   25.45;   1.36; 1991;  1; 4
   25.70;   1.16; 1991;  2; 0
   25.91;    .93; 1991;  2; 1
   26.07;    .68; 1991;  2; 2
   26.18;    .42; 1991;  2; 3
   26.24;    .16; 1991;  2; 4
   26.25;   -.11; 1991;  3; 0
   26.20;   -.36; 1991;  3; 1
   26.10;   -.59; 1991;  3; 2
   25.97;   -.79; 1991;  3; 3
   25.79;   -.97; 1991;  3; 4
   25.58;  -1.11; 1991;  4; 0
   25.35;  -1.23; 1991;  4; 1
   25.09;  -1.31; 1991;  4; 2
   24.82;  -1.36; 1991;  4; 3
   24.55;  -1.39; 1991;  4; 4
   24.27;  -1.39; 1991;  5; 0
   23.99;  -1.37; 1991;  5; 1
   23.72;  -1.34; 1991;  5; 2
   23.46;  -1.29; 1991;  5; 3
   23.21;  -1.24; 1991;  5; 4
   22.96;  -1.19; 1991;  6; 0
   22.73;  -1.13; 1991;  6; 1
   22.51;  -1.07; 1991;  6; 2
   22.31;  -1.00; 1991;  6; 3
   22.11;   -.93; 1991;  6; 4
   21.93;   -.86; 1991;  7; 0
   21.77;   -.79; 1991;  7; 1
   21.62;   -.71; 1991;  7; 2
   21.48;   -.62; 1991;  7; 3
   21.37;   -.53; 1991;  7; 4
   21.27;   -.44; 1991;  8; 0
   21.19;   -.34; 1991;  8; 1
   21.14;   -.24; 1991;  8; 2
   21.10;   -.13; 1991;  8; 3
   21.08;   -.03; 1991;  8; 4
   21.09;    .08; 1991;  9; 0
   21.11;    .18; 1991;  9; 1
   21.16;    .28; 1991;  9; 2
   21.22;    .37; 1991;  9; 3
   21.31;    .47; 1991;  9; 4
   21.41;    .56; 1991; 10; 0
   21.53;    .66; 1991; 10; 1
   21.68;    .76; 1991; 10; 2
   21.84;    .85; 1991; 10; 3
   22.02;    .96; 1991; 10; 4
   22.22;   1.06; 1991; 11; 0
   22.44;   1.17; 1991; 11; 1
   22.69;   1.28; 1991; 11; 2
   22.96;   1.39; 1991; 11; 3
   23.25;   1.50; 1991; 11; 4
   23.56;   1.59; 1991; 12; 0
   23.88;   1.68; 1991; 12; 1
   24.23;   1.74; 1991; 12; 2
   24.58;   1.78; 1991; 12; 3
   24.93;   1.78; 1991; 12; 4
   25.29;   1.75; 1992;  1; 0
   25.63;   1.69; 1992;  1; 1
   25.96;   1.59; 1992;  1; 2
   26.27;   1.45; 1992;  1; 3
   26.54;   1.27; 1992;  1; 4
   26.77;   1.06; 1992;  2; 0
   26.96;    .83; 1992;  2; 1
   27.10;    .57; 1992;  2; 2
   27.19;    .30; 1992;  2; 3
   27.22;    .03; 1992;  2; 4
   27.20;   -.24; 1992;  3; 0
   27.13;   -.49; 1992;  3; 1
   27.01;   -.73; 1992;  3; 2
   26.84;   -.94; 1992;  3; 3
   26.63;  -1.12; 1992;  3; 4
   26.39;  -1.27; 1992;  4; 0
   26.12;  -1.39; 1992;  4; 1
   25.84;  -1.48; 1992;  4; 2
   25.54;  -1.53; 1992;  4; 3
   25.23;  -1.56; 1992;  4; 4
   24.91;  -1.57; 1992;  5; 0
   24.60;  -1.55; 1992;  5; 1
   24.29;  -1.52; 1992;  5; 2
   23.99;  -1.48; 1992;  5; 3
   23.70;  -1.43; 1992;  5; 4
   23.42;  -1.37; 1992;  6; 0
   23.15;  -1.31; 1992;  6; 1
   22.90;  -1.25; 1992;  6; 2
   22.66;  -1.18; 1992;  6; 3
   22.43;  -1.11; 1992;  6; 4
   22.21;  -1.04; 1992;  7; 0
   22.01;   -.96; 1992;  7; 1
   21.83;   -.88; 1992;  7; 2
   21.66;   -.79; 1992;  7; 3
   21.51;   -.70; 1992;  7; 4
   21.38;   -.60; 1992;  8; 0
   21.27;   -.50; 1992;  8; 1
   21.18;   -.40; 1992;  8; 2
   21.11;   -.29; 1992;  8; 3
   21.06;   -.18; 1992;  8; 4
   21.04;   -.07; 1992;  9; 0
   21.03;    .03; 1992;  9; 1
   21.05;    .14; 1992;  9; 2
   21.09;    .24; 1992;  9; 3
   21.15;    .35; 1992;  9; 4
   21.23;    .45; 1992; 10; 0
   21.33;    .55; 1992; 10; 1
   21.45;    .65; 1992; 10; 2
   21.59;    .76; 1992; 10; 3
   21.75;    .87; 1992; 10; 4
   21.93;    .98; 1992; 11; 0
   22.14;   1.09; 1992; 11; 1
   22.37;   1.21; 1992; 11; 2
   22.62;   1.33; 1992; 11; 3
   22.90;   1.44; 1992; 11; 4
   23.20;   1.54; 1992; 12; 0
   23.52;   1.63; 1992; 12; 1
   23.85;   1.69; 1992; 12; 2
   24.19;   1.74; 1992; 12; 3
   24.54;   1.75; 1992; 12; 4
   24.89;   1.73; 1993;  1; 0
   25.23;   1.67; 1993;  1; 1
   25.55;   1.57; 1993;  1; 2
   25.86;   1.43; 1993;  1; 3
   26.13;   1.26; 1993;  1; 4
   26.36;   1.06; 1993;  2; 0
   26.55;    .83; 1993;  2; 1
   26.69;    .58; 1993;  2; 2
   26.78;    .31; 1993;  2; 3
   26.81;    .05; 1993;  2; 4
   26.80;   -.22; 1993;  3; 0
   26.73;   -.47; 1993;  3; 1
   26.61;   -.71; 1993;  3; 2
   26.45;   -.92; 1993;  3; 3
   26.24;  -1.10; 1993;  3; 4
   26.01;  -1.25; 1993;  4; 0
   25.75;  -1.37; 1993;  4; 1
   25.46;  -1.45; 1993;  4; 2
   25.17;  -1.51; 1993;  4; 3
   24.86;  -1.54; 1993;  4; 4
   24.55;  -1.54; 1993;  5; 0
   24.25;  -1.53; 1993;  5; 1
   23.94;  -1.50; 1993;  5; 2
   23.65;  -1.45; 1993;  5; 3
   23.36;  -1.40; 1993;  5; 4
   23.09;  -1.35; 1993;  6; 0
   22.82;  -1.29; 1993;  6; 1
   22.57;  -1.23; 1993;  6; 2
   22.33;  -1.16; 1993;  6; 3
   22.11;  -1.10; 1993;  6; 4
   21.89;  -1.03; 1993;  7; 0
   21.69;   -.95; 1993;  7; 1
   21.51;   -.88; 1993;  7; 2
   21.34;   -.79; 1993;  7; 3
   21.19;   -.71; 1993;  7; 4
   21.06;   -.61; 1993;  8; 0
   20.95;   -.51; 1993;  8; 1
   20.86;   -.41; 1993;  8; 2
   20.78;   -.31; 1993;  8; 3
   20.73;   -.21; 1993;  8; 4
   20.70;   -.10; 1993;  9; 0
   20.69;    .00; 1993;  9; 1
   20.70;    .10; 1993;  9; 2
   20.73;    .21; 1993;  9; 3
   20.78;    .30; 1993;  9; 4
   20.86;    .40; 1993; 10; 0
   20.95;    .50; 1993; 10; 1
   21.06;    .60; 1993; 10; 2
   21.19;    .71; 1993; 10; 3
   21.34;    .81; 1993; 10; 4
   21.51;    .92; 1993; 11; 0
   21.71;   1.04; 1993; 11; 1
   21.93;   1.15; 1993; 11; 2
   22.17;   1.27; 1993; 11; 3
   22.44;   1.37; 1993; 11; 4
   22.72;   1.47; 1993; 12; 0
   23.02;   1.56; 1993; 12; 1
   23.34;   1.62; 1993; 12; 2
   23.67;   1.67; 1993; 12; 3
   24.01;   1.68; 1993; 12; 4
   24.34;   1.66; 1994;  1; 0
   24.67;   1.60; 1994;  1; 1
   24.98;   1.50; 1994;  1; 2
   25.27;   1.37; 1994;  1; 3
   25.52;   1.20; 1994;  1; 4
   25.74;   1.00; 1994;  2; 0
   25.92;    .77; 1994;  2; 1
   26.05;    .52; 1994;  2; 2
   26.13;    .26; 1994;  2; 3
   26.16;    .00; 1994;  2; 4
   26.13;   -.26; 1994;  3; 0
   26.05;   -.51; 1994;  3; 1
   25.93;   -.74; 1994;  3; 2
   25.76;   -.95; 1994;  3; 3
   25.55;  -1.13; 1994;  3; 4
   25.31;  -1.27; 1994;  4; 0
   25.04;  -1.39; 1994;  4; 1
   24.75;  -1.47; 1994;  4; 2
   24.46;  -1.52; 1994;  4; 3
   24.15;  -1.54; 1994;  4; 4
   23.84;  -1.54; 1994;  5; 0
   23.53;  -1.52; 1994;  5; 1
   23.23;  -1.49; 1994;  5; 2
   22.94;  -1.44; 1994;  5; 3
   22.66;  -1.38; 1994;  5; 4
   22.39;  -1.32; 1994;  6; 0
   22.13;  -1.25; 1994;  6; 1
   21.89;  -1.18; 1994;  6; 2
   21.66;  -1.11; 1994;  6; 3
   21.44;  -1.04; 1994;  6; 4
   21.24;   -.97; 1994;  7; 0
   21.05;   -.89; 1994;  7; 1
   20.88;   -.80; 1994;  7; 2
   20.73;   -.72; 1994;  7; 3
   20.60;   -.62; 1994;  7; 4
   20.48;   -.53; 1994;  8; 0
   20.39;   -.42; 1994;  8; 1
   20.31;   -.32; 1994;  8; 2
   20.26;   -.21; 1994;  8; 3
   20.23;   -.10; 1994;  8; 4
   20.22;    .01; 1994;  9; 0
   20.23;    .11; 1994;  9; 1
   20.26;    .22; 1994;  9; 2
   20.32;    .32; 1994;  9; 3
   20.39;    .43; 1994;  9; 4
   20.49;    .53; 1994; 10; 0
   20.61;    .63; 1994; 10; 1
   20.74;    .73; 1994; 10; 2
   20.90;    .84; 1994; 10; 3
   21.08;    .95; 1994; 10; 4
   21.28;   1.06; 1994; 11; 0
   21.50;   1.17; 1994; 11; 1
   21.75;   1.29; 1994; 11; 2
   22.02;   1.40; 1994; 11; 3
   22.31;   1.51; 1994; 11; 4
   22.62;   1.61; 1994; 12; 0
   22.95;   1.69; 1994; 12; 1
   23.30;   1.75; 1994; 12; 2
   23.65;   1.79; 1994; 12; 3
   24.01;   1.80; 1994; 12; 4
   24.37;   1.78; 1995;  1; 0
   24.72;   1.72; 1995;  1; 1
   25.06;   1.62; 1995;  1; 2
   25.37;   1.48; 1995;  1; 3
   25.65;   1.31; 1995;  1; 4
   25.89;   1.10; 1995;  2; 0
   26.09;    .87; 1995;  2; 1
   26.24;    .62; 1995;  2; 2
   26.33;    .36; 1995;  2; 3
   26.38;    .09; 1995;  2; 4
   26.37;   -.18; 1995;  3; 0
   26.31;   -.44; 1995;  3; 1
   26.19;   -.67; 1995;  3; 2
   26.04;   -.89; 1995;  3; 3
   25.84;  -1.07; 1995;  3; 4
   25.61;  -1.23; 1995;  4; 0
   25.35;  -1.35; 1995;  4; 1
   25.07;  -1.44; 1995;  4; 2
   24.78;  -1.50; 1995;  4; 3
   24.47;  -1.53; 1995;  4; 4
   24.17;  -1.54; 1995;  5; 0
   23.86;  -1.52; 1995;  5; 1
   23.56;  -1.50; 1995;  5; 2
   23.26;  -1.46; 1995;  5; 3
   22.98;  -1.41; 1995;  5; 4
   22.70;  -1.35; 1995;  6; 0
   22.44;  -1.29; 1995;  6; 1
   22.18;  -1.23; 1995;  6; 2
   21.94;  -1.17; 1995;  6; 3
   21.71;  -1.10; 1995;  6; 4
   21.50;  -1.04; 1995;  7; 0
   21.30;   -.97; 1995;  7; 1
   21.11;   -.89; 1995;  7; 2
   20.94;   -.81; 1995;  7; 3
   20.79;   -.73; 1995;  7; 4
   20.65;   -.64; 1995;  8; 0
   20.53;   -.55; 1995;  8; 1
   20.43;   -.45; 1995;  8; 2
   20.35;   -.35; 1995;  8; 3
   20.29;   -.25; 1995;  8; 4
   20.25;   -.15; 1995;  9; 0
   20.23;   -.05; 1995;  9; 1
   20.24;    .05; 1995;  9; 2
   20.26;    .15; 1995;  9; 3
   20.30;    .25; 1995;  9; 4
   20.36;    .35; 1995; 10; 0
   20.44;    .45; 1995; 10; 1
   20.53;    .55; 1995; 10; 2
   20.65;    .65; 1995; 10; 3
   20.79;    .75; 1995; 10; 4
   20.95;    .86; 1995; 11; 0
   21.14;    .97; 1995; 11; 1
   21.34;   1.08; 1995; 11; 2
   21.57;   1.19; 1995; 11; 3
   21.82;   1.30; 1995; 11; 4
   22.09;   1.39; 1995; 12; 0
   22.38;   1.47; 1995; 12; 1
   22.68;   1.53; 1995; 12; 2
   22.99;   1.57; 1995; 12; 3
   23.30;   1.58; 1995; 12; 4
   23.62;   1.56; 1996;  1; 0
   23.92;   1.50; 1996;  1; 1
   24.21;   1.40; 1996;  1; 2
   24.48;   1.27; 1996;  1; 3
   24.72;   1.10; 1996;  1; 4
   24.92;    .90; 1996;  2; 0
   25.08;    .67; 1996;  2; 1
   25.19;    .43; 1996;  2; 2
   25.25;    .17; 1996;  2; 3
   25.25;   -.10; 1996;  2; 4
   25.21;   -.36; 1996;  3; 0
   25.11;   -.60; 1996;  3; 1
   24.97;   -.83; 1996;  3; 2
   24.78;  -1.04; 1996;  3; 3
   24.55;  -1.22; 1996;  3; 4
   24.29;  -1.36; 1996;  4; 0
   24.01;  -1.48; 1996;  4; 1
   23.71;  -1.55; 1996;  4; 2
   23.39;  -1.60; 1996;  4; 3
   23.07;  -1.62; 1996;  4; 4
   22.74;  -1.62; 1996;  5; 0
   22.42;  -1.59; 1996;  5; 1
   22.11;  -1.55; 1996;  5; 2
   21.80;  -1.49; 1996;  5; 3
   21.51;  -1.43; 1996;  5; 4
   21.23;  -1.36; 1996;  6; 0
   20.97;  -1.28; 1996;  6; 1
   20.72;  -1.20; 1996;  6; 2
   20.49;  -1.12; 1996;  6; 3
   20.27;  -1.04; 1996;  6; 4
   20.07;   -.95; 1996;  7; 0
   19.89;   -.86; 1996;  7; 1
   19.72;   -.77; 1996;  7; 2
   19.58;   -.67; 1996;  7; 3
   19.45;   -.57; 1996;  7; 4
   19.35;   -.46; 1996;  8; 0
   19.27;   -.35; 1996;  8; 1
   19.21;   -.23; 1996;  8; 2
   19.18;   -.12; 1996;  8; 3
   19.17;    .01; 1996;  8; 4
   19.18;    .13; 1996;  9; 0
   19.22;    .25; 1996;  9; 1
   19.28;    .37; 1996;  9; 2
   19.36;    .49; 1996;  9; 3
   19.47;    .61; 1996;  9; 4
   19.61;    .73; 1996; 10; 0
   19.77;    .85; 1996; 10; 1
   19.95;    .97; 1996; 10; 2
   20.15;   1.09; 1996; 10; 3
   20.38;   1.21; 1996; 10; 4
   20.64;   1.34; 1996; 11; 0
   20.92;   1.47; 1996; 11; 1
   21.23;   1.60; 1996; 11; 2
   21.56;   1.72; 1996; 11; 3
   21.92;   1.84; 1996; 11; 4
   22.30;   1.96; 1996; 12; 0
   22.70;   2.05; 1996; 12; 1
   23.12;   2.13; 1996; 12; 2
   23.55;   2.18; 1996; 12; 3
   23.99;   2.20; 1996; 12; 4
   24.43;   2.19; 1997;  1; 0
   24.86;   2.14; 1997;  1; 1
   25.28;   2.05; 1997;  1; 2
   25.68;   1.93; 1997;  1; 3
   26.05;   1.77; 1997;  1; 4
   26.39;   1.58; 1997;  2; 0
   26.68;   1.36; 1997;  2; 1
   26.93;   1.12; 1997;  2; 2
   27.13;    .86; 1997;  2; 3
   27.27;    .60; 1997;  2; 4
   27.37;    .34; 1997;  3; 0
   27.41;    .09; 1997;  3; 1
   27.40;   -.14; 1997;  3; 2
   27.35;   -.35; 1997;  3; 3
   27.27;   -.53; 1997;  3; 4
   27.14;   -.69; 1997;  4; 0
   26.99;   -.81; 1997;  4; 1
   26.82;   -.90; 1997;  4; 2
   26.64;   -.95; 1997;  4; 3
   26.44;   -.99; 1997;  4; 4
   26.24;   -.99; 1997;  5; 0
   26.05;   -.98; 1997;  5; 1
   25.85;   -.96; 1997;  5; 2
   25.66;   -.92; 1997;  5; 3
   25.49;   -.87; 1997;  5; 4
   25.32;   -.82; 1997;  6; 0
   25.16;   -.76; 1997;  6; 1
   25.01;   -.71; 1997;  6; 2
   24.88;   -.65; 1997;  6; 3
   24.75;   -.59; 1997;  6; 4
   24.64;   -.53; 1997;  7; 0
   24.54;   -.47; 1997;  7; 1
   24.45;   -.41; 1997;  7; 2
   24.38;   -.34; 1997;  7; 3
   24.31;   -.27; 1997;  7; 4
   24.27;   -.19; 1997;  8; 0
   24.24;   -.12; 1997;  8; 1
   24.22;   -.03; 1997;  8; 2
   24.22;    .05; 1997;  8; 3
   24.24;    .14; 1997;  8; 4
   24.28;    .22; 1997;  9; 0
   24.33;    .31; 1997;  9; 1
   24.40;    .39; 1997;  9; 2
   24.49;    .48; 1997;  9; 3
   24.59;    .56; 1997;  9; 4
   24.71;    .64; 1997; 10; 0
   24.85;    .72; 1997; 10; 1
   25.00;    .81; 1997; 10; 2
   25.17;    .89; 1997; 10; 3
   25.36;    .98; 1997; 10; 4
   25.56;   1.07; 1997; 11; 0
   25.79;   1.16; 1997; 11; 1
   26.03;   1.25; 1997; 11; 2
   26.29;   1.34; 1997; 11; 3
   26.56;   1.42; 1997; 11; 4
   26.86;   1.50; 1997; 12; 0
   27.16;   1.56; 1997; 12; 1
   27.48;   1.60; 1997; 12; 2
   27.80;   1.61; 1997; 12; 3
   28.12;   1.60; 1997; 12; 4
   28.44;   1.56; 1998;  1; 0
   28.74;   1.48; 1998;  1; 1
   29.03;   1.36; 1998;  1; 2
   29.28;   1.21; 1998;  1; 3
   29.51;   1.03; 1998;  1; 4
   29.69;    .81; 1998;  2; 0
   29.83;    .56; 1998;  2; 1
   29.92;    .30; 1998;  2; 2
   29.95;    .02; 1998;  2; 3
   29.93;   -.26; 1998;  2; 4
   29.85;   -.53; 1998;  3; 0
   29.71;   -.80; 1998;  3; 1
   29.53;  -1.05; 1998;  3; 2
   29.30;  -1.27; 1998;  3; 3
   29.02;  -1.47; 1998;  3; 4
   28.71;  -1.63; 1998;  4; 0
   28.37;  -1.77; 1998;  4; 1
   28.00;  -1.86; 1998;  4; 2
   27.62;  -1.93; 1998;  4; 3
   27.23;  -1.97; 1998;  4; 4
   26.84;  -1.98; 1998;  5; 0
   26.45;  -1.96; 1998;  5; 1
   26.05;  -1.94; 1998;  5; 2
   25.67;  -1.89; 1998;  5; 3
   25.30;  -1.84; 1998;  5; 4
   24.94;  -1.78; 1998;  6; 0
   24.59;  -1.72; 1998;  6; 1
   24.25;  -1.65; 1998;  6; 2
   23.93;  -1.58; 1998;  6; 3
   23.62;  -1.51; 1998;  6; 4
   23.32;  -1.44; 1998;  7; 0
   23.04;  -1.36; 1998;  7; 1
   22.78;  -1.28; 1998;  7; 2
   22.53;  -1.19; 1998;  7; 3
   22.30;  -1.10; 1998;  7; 4
   22.09;  -1.01; 1998;  8; 0
   21.90;   -.91; 1998;  8; 1
   21.73;   -.80; 1998;  8; 2
   21.58;   -.69; 1998;  8; 3
   21.45;   -.58; 1998;  8; 4
   21.34;   -.47; 1998;  9; 0
   21.26;   -.36; 1998;  9; 1
   21.20;   -.24; 1998;  9; 2
   21.16;   -.13; 1998;  9; 3
   21.15;   -.01; 1998;  9; 4
   21.16;    .10; 1998; 10; 0
   21.19;    .21; 1998; 10; 1
   21.24;    .33; 1998; 10; 2
   21.32;    .45; 1998; 10; 3
   21.42;    .57; 1998; 10; 4
   21.55;    .69; 1998; 11; 0
   21.70;    .81; 1998; 11; 1
   21.87;    .94; 1998; 11; 2
   22.07;   1.06; 1998; 11; 3
   22.30;   1.17; 1998; 11; 4
   22.54;   1.28; 1998; 12; 0
   22.81;   1.37; 1998; 12; 1
   23.09;   1.44; 1998; 12; 2
   23.38;   1.49; 1998; 12; 3
   23.69;   1.51; 1998; 12; 4
   23.99;   1.50; 1999;  1; 0
   24.28;   1.45; 1999;  1; 1
   24.57;   1.37; 1999;  1; 2
   24.83;   1.25; 1999;  1; 3
   25.06;   1.09; 1999;  1; 4
   25.26;    .90; 1999;  2; 0
   25.42;    .69; 1999;  2; 1
   25.53;    .45; 1999;  2; 2
   25.60;    .20; 1999;  2; 3
   25.62;   -.05; 1999;  2; 4
   25.58;   -.31; 1999;  3; 0
   25.49;   -.55; 1999;  3; 1
   25.36;   -.78; 1999;  3; 2
   25.18;   -.98; 1999;  3; 3
   24.97;  -1.16; 1999;  3; 4
   24.72;  -1.30; 1999;  4; 0
   24.45;  -1.42; 1999;  4; 1
   24.16;  -1.50; 1999;  4; 2
   23.85;  -1.55; 1999;  4; 3
   23.54;  -1.57; 1999;  4; 4
   23.23;  -1.57; 1999;  5; 0
   22.91;  -1.54; 1999;  5; 1
   22.61;  -1.50; 1999;  5; 2
   22.31;  -1.45; 1999;  5; 3
   22.03;  -1.38; 1999;  5; 4
   21.76;  -1.32; 1999;  6; 0
   21.50;  -1.24; 1999;  6; 1
   21.26;  -1.17; 1999;  6; 2
   21.04;  -1.09; 1999;  6; 3
   20.83;  -1.02; 1999;  6; 4
   20.63;   -.94; 1999;  7; 0
   20.45;   -.86; 1999;  7; 1
   20.29;   -.78; 1999;  7; 2
   20.14;   -.69; 1999;  7; 3
   20.01;   -.61; 1999;  7; 4
   19.90;   -.51; 1999;  8; 0
   19.80;   -.42; 1999;  8; 1
   19.73;   -.32; 1999;  8; 2
   19.68;   -.21; 1999;  8; 3
   19.64;   -.11; 1999;  8; 4
   19.63;    .00; 1999;  9; 0
   19.65;    .11; 1999;  9; 1
   19.68;    .22; 1999;  9; 2
   19.73;    .33; 1999;  9; 3
   19.81;    .43; 1999;  9; 4
   19.91;    .54; 1999; 10; 0
   20.03;    .65; 1999; 10; 1
   20.17;    .76; 1999; 10; 2
   20.33;    .87; 1999; 10; 3
   20.51;    .98; 1999; 10; 4
   20.72;   1.09; 1999; 11; 0
   20.95;   1.20; 1999; 11; 1
   21.20;   1.31; 1999; 11; 2
   21.47;   1.42; 1999; 11; 3
   21.77;   1.53; 1999; 11; 4
   22.08;   1.62; 1999; 12; 0
   22.42;   1.70; 1999; 12; 1
   22.76;   1.76; 1999; 12; 2
   23.12;   1.79; 1999; 12; 3
   23.48;   1.80; 1999; 12; 4
   23.84;   1.78; 2000;  1; 0
   24.19;   1.72; 2000;  1; 1
   24.52;   1.62; 2000;  1; 2
   24.84;   1.49; 2000;  1; 3
   25.12;   1.33; 2000;  1; 4
   25.37;   1.13; 2000;  2; 0
   25.57;    .90; 2000;  2; 1
   25.73;    .66; 2000;  2; 2
   25.83;    .40; 2000;  2; 3
   25.88;    .13; 2000;  2; 4
   25.88;   -.13; 2000;  3; 0
   25.83;   -.38; 2000;  3; 1
   25.73;   -.62; 2000;  3; 2
   25.59;   -.84; 2000;  3; 3
   25.40;  -1.02; 2000;  3; 4
   25.18;  -1.18; 2000;  4; 0
   24.93;  -1.31; 2000;  4; 1
   24.66;  -1.40; 2000;  4; 2
   24.37;  -1.46; 2000;  4; 3
   24.08;  -1.49; 2000;  4; 4
   23.78;  -1.49; 2000;  5; 0
   23.48;  -1.48; 2000;  5; 1
   23.19;  -1.44; 2000;  5; 2
   22.90;  -1.40; 2000;  5; 3
   22.63;  -1.34; 2000;  5; 4
   22.37;  -1.28; 2000;  6; 0
   22.12;  -1.21; 2000;  6; 1
   21.88;  -1.14; 2000;  6; 2
   21.66;  -1.07; 2000;  6; 3
   21.45;  -1.00; 2000;  6; 4
   21.26;   -.93; 2000;  7; 0
   21.08;   -.86; 2000;  7; 1
   20.92;   -.78; 2000;  7; 2
   20.77;   -.70; 2000;  7; 3
   20.63;   -.62; 2000;  7; 4
   20.52;   -.54; 2000;  8; 0
   20.42;   -.45; 2000;  8; 1
   20.34;   -.35; 2000;  8; 2
   20.28;   -.25; 2000;  8; 3
   20.24;   -.15; 2000;  8; 4
   20.22;   -.05; 2000;  9; 0
   20.22;    .06; 2000;  9; 1
   20.24;    .16; 2000;  9; 2
   20.28;    .27; 2000;  9; 3
   20.35;    .37; 2000;  9; 4
   20.43;    .48; 2000; 10; 0
   20.54;    .58; 2000; 10; 1
   20.67;    .69; 2000; 10; 2
   20.81;    .79; 2000; 10; 3
   20.98;    .90; 2000; 10; 4
   21.18;   1.01; 2000; 11; 0
   21.39;   1.12; 2000; 11; 1
   21.62;   1.23; 2000; 11; 2
   21.88;   1.34; 2000; 11; 3
   22.16;   1.44; 2000; 11; 4
   22.46;   1.53; 2000; 12; 0
   22.77;   1.61; 2000; 12; 1
   23.10;   1.66; 2000; 12; 2
   23.43;   1.70; 2000; 12; 3
   23.78;   1.70; 2000; 12; 4
   24.11;   1.68; 2001;  1; 0
   24.44;   1.62; 2001;  1; 1
   24.76;   1.52; 2001;  1; 2
   25.05;   1.39; 2001;  1; 3
   25.31;   1.23; 2001;  1; 4
   25.54;   1.03; 2001;  2; 0
   25.72;    .81; 2001;  2; 1
   25.86;    .56; 2001;  2; 2
   25.95;    .30; 2001;  2; 3
   25.98;    .04; 2001;  2; 4
   25.96;   -.22; 2001;  3; 0
   25.89;   -.48; 2001;  3; 1
   25.77;   -.71; 2001;  3; 2
   25.61;   -.93; 2001;  3; 3
   25.40;  -1.11; 2001;  3; 4
   25.16;  -1.27; 2001;  4; 0
   24.90;  -1.39; 2001;  4; 1
   24.61;  -1.48; 2001;  4; 2
   24.31;  -1.54; 2001;  4; 3
   23.99;  -1.57; 2001;  4; 4
   23.68;  -1.57; 2001;  5; 0
   23.37;  -1.55; 2001;  5; 1
   23.06;  -1.51; 2001;  5; 2
   22.76;  -1.46; 2001;  5; 3
   22.48;  -1.40; 2001;  5; 4
   22.20;  -1.33; 2001;  6; 0
   21.94;  -1.26; 2001;  6; 1
   21.70;  -1.19; 2001;  6; 2
   21.47;  -1.11; 2001;  6; 3
   21.25;  -1.04; 2001;  6; 4
   21.05;   -.96; 2001;  7; 0
   20.87;   -.88; 2001;  7; 1
   20.70;   -.80; 2001;  7; 2
   20.55;   -.72; 2001;  7; 3
   20.41;   -.63; 2001;  7; 4
   20.30;   -.54; 2001;  8; 0
   20.20;   -.45; 2001;  8; 1
   20.12;   -.35; 2001;  8; 2
   20.06;   -.24; 2001;  8; 3
   20.02;   -.14; 2001;  8; 4
   20.00;   -.03; 2001;  9; 0
   20.01;    .08; 2001;  9; 1
   20.03;    .19; 2001;  9; 2
   20.08;    .30; 2001;  9; 3
   20.15;    .41; 2001;  9; 4
   20.25;    .52; 2001; 10; 0
   20.36;    .64; 2001; 10; 1
   20.50;    .75; 2001; 10; 2
   20.66;    .86; 2001; 10; 3
   20.85;    .98; 2001; 10; 4
   21.05;   1.09; 2001; 11; 0
   21.28;   1.20; 2001; 11; 1
   21.54;   1.32; 2001; 11; 2
   21.81;   1.43; 2001; 11; 3
   22.11;   1.53; 2001; 11; 4
   22.42;   1.62; 2001; 12; 0
   22.76;   1.70; 2001; 12; 1
   23.10;   1.76; 2001; 12; 2
   23.46;   1.79; 2001; 12; 3
   23.82;   1.80; 2001; 12; 4
   24.18;   1.78; 2002;  1; 0
   24.53;   1.72; 2002;  1; 1
   24.86;   1.63; 2002;  1; 2
   25.18;   1.50; 2002;  1; 3
   25.46;   1.34; 2002;  1; 4
   25.71;   1.14; 2002;  2; 0
   25.92;    .92; 2002;  2; 1
   26.08;    .68; 2002;  2; 2
   26.19;    .42; 2002;  2; 3
   26.24;    .15; 2002;  2; 4
   26.25;   -.11; 2002;  3; 0
   26.20;   -.37; 2002;  3; 1
   26.10;   -.61; 2002;  3; 2
   25.96;   -.82; 2002;  3; 3
   25.77;  -1.01; 2002;  3; 4
   25.56;  -1.17; 2002;  4; 0
   25.31;  -1.30; 2002;  4; 1
   25.04;  -1.40; 2002;  4; 2
   24.75;  -1.46; 2002;  4; 3
   24.45;  -1.49; 2002;  4; 4
   24.15;  -1.50; 2002;  5; 0
   23.85;  -1.49; 2002;  5; 1
   23.56;  -1.45; 2002;  5; 2
   23.27;  -1.41; 2002;  5; 3
   23.00;  -1.35; 2002;  5; 4
   22.73;  -1.29; 2002;  6; 0
   22.48;  -1.22; 2002;  6; 1
   22.25;  -1.15; 2002;  6; 2
   22.02;  -1.08; 2002;  6; 3
   21.81;  -1.01; 2002;  6; 4
   21.62;   -.94; 2002;  7; 0
   21.44;   -.87; 2002;  7; 1
   21.27;   -.80; 2002;  7; 2
   21.12;   -.72; 2002;  7; 3
   20.98;   -.64; 2002;  7; 4
   20.86;   -.56; 2002;  8; 0
   20.76;   -.48; 2002;  8; 1
   20.67;   -.38; 2002;  8; 2
   20.60;   -.29; 2002;  8; 3
   20.56;   -.19; 2002;  8; 4
   20.53;   -.09; 2002;  9; 0
   20.52;    .01; 2002;  9; 1
   20.53;    .12; 2002;  9; 2
   20.57;    .23; 2002;  9; 3
   20.62;    .33; 2002;  9; 4
   20.70;    .44; 2002; 10; 0
   20.80;    .55; 2002; 10; 1
   20.92;    .65; 2002; 10; 2
   21.06;    .76; 2002; 10; 3
   21.22;    .87; 2002; 10; 4
   21.41;    .98; 2002; 11; 0
   21.62;   1.09; 2002; 11; 1
   21.85;   1.20; 2002; 11; 2
   22.10;   1.31; 2002; 11; 3
   22.37;   1.40; 2002; 11; 4
   22.66;   1.49; 2002; 12; 0
   22.97;   1.56; 2002; 12; 1
   23.28;   1.62; 2002; 12; 2
   23.61;   1.65; 2002; 12; 3
   23.94;   1.66; 2002; 12; 4
   24.27;   1.63; 2003;  1; 0
   24.60;   1.57; 2003;  1; 1
   24.90;   1.48; 2003;  1; 2
   25.19;   1.35; 2003;  1; 3
   25.44;   1.19; 2003;  1; 4
   25.66;   1.00; 2003;  2; 0
   25.84;    .78; 2003;  2; 1
   25.97;    .54; 2003;  2; 2
   26.05;    .28; 2003;  2; 3
   26.08;    .02; 2003;  2; 4
   26.06;   -.24; 2003;  3; 0
   25.99;   -.49; 2003;  3; 1
   25.86;   -.73; 2003;  3; 2
   25.70;   -.95; 2003;  3; 3
   25.49;  -1.14; 2003;  3; 4
   25.24;  -1.29; 2003;  4; 0
   24.97;  -1.42; 2003;  4; 1
   24.68;  -1.51; 2003;  4; 2
   24.37;  -1.57; 2003;  4; 3
   24.05;  -1.60; 2003;  4; 4
   23.73;  -1.60; 2003;  5; 0
   23.41;  -1.58; 2003;  5; 1
   23.10;  -1.54; 2003;  5; 2
   22.79;  -1.49; 2003;  5; 3
   22.50;  -1.43; 2003;  5; 4
   22.22;  -1.36; 2003;  6; 0
   21.96;  -1.28; 2003;  6; 1
   21.71;  -1.20; 2003;  6; 2
   21.48;  -1.13; 2003;  6; 3
   21.26;  -1.05; 2003;  6; 4
   21.06;   -.97; 2003;  7; 0
   20.87;   -.90; 2003;  7; 1
   20.70;   -.82; 2003;  7; 2
   20.54;   -.74; 2003;  7; 3
   20.40;   -.66; 2003;  7; 4
   20.28;   -.57; 2003;  8; 0
   20.17;   -.48; 2003;  8; 1
   20.09;   -.38; 2003;  8; 2
   20.02;   -.28; 2003;  8; 3
   19.97;   -.18; 2003;  8; 4
   19.95;   -.07; 2003;  9; 0
   19.94;    .04; 2003;  9; 1
   19.96;    .15; 2003;  9; 2
   20.00;    .26; 2003;  9; 3
   20.06;    .37; 2003;  9; 4
   20.15;    .49; 2003; 10; 0
   20.26;    .60; 2003; 10; 1
   20.39;    .71; 2003; 10; 2
   20.55;    .83; 2003; 10; 3
   20.72;    .94; 2003; 10; 4
   20.92;   1.06; 2003; 11; 0
   21.15;   1.17; 2003; 11; 1
   21.39;   1.28; 2003; 11; 2
   21.66;   1.39; 2003; 11; 3
   21.95;   1.49; 2003; 11; 4
   22.25;   1.58; 2003; 12; 0
   22.58;   1.65; 2003; 12; 1
   22.92;   1.71; 2003; 12; 2
   23.26;   1.74; 2003; 12; 3
   23.61;   1.75; 2003; 12; 4
   23.96;   1.73; 2004;  1; 0
   24.30;   1.67; 2004;  1; 1
   24.63;   1.58; 2004;  1; 2
   24.93;   1.45; 2004;  1; 3
   25.21;   1.30; 2004;  1; 4
   25.45;   1.10; 2004;  2; 0
   25.65;    .89; 2004;  2; 1
   25.80;    .65; 2004;  2; 2
   25.91;    .39; 2004;  2; 3
   25.96;    .13; 2004;  2; 4
   25.96;   -.13; 2004;  3; 0
   25.91;   -.38; 2004;  3; 1
   25.81;   -.62; 2004;  3; 2
   25.66;   -.84; 2004;  3; 3
   25.47;  -1.03; 2004;  3; 4
   25.25;  -1.19; 2004;  4; 0
   25.00;  -1.32; 2004;  4; 1
   24.73;  -1.41; 2004;  4; 2
   24.44;  -1.48; 2004;  4; 3
   24.14;  -1.51; 2004;  4; 4
   23.84;  -1.51; 2004;  5; 0
   23.53;  -1.50; 2004;  5; 1
   23.24;  -1.46; 2004;  5; 2
   22.95;  -1.41; 2004;  5; 3
   22.68;  -1.34; 2004;  5; 4
   22.41;  -1.27; 2004;  6; 0
   22.17;  -1.20; 2004;  6; 1
   21.93;  -1.13; 2004;  6; 2
   21.72;  -1.05; 2004;  6; 3
   21.51;   -.98; 2004;  6; 4
   21.33;   -.90; 2004;  7; 0
   21.15;   -.83; 2004;  7; 1
   20.99;   -.76; 2004;  7; 2
   20.85;   -.68; 2004;  7; 3
   20.72;   -.61; 2004;  7; 4
   20.61;   -.53; 2004;  8; 0
   20.51;   -.44; 2004;  8; 1
   20.43;   -.35; 2004;  8; 2
   20.37;   -.26; 2004;  8; 3
   20.33;   -.16; 2004;  8; 4
   20.30;   -.06; 2004;  9; 0
   20.30;    .05; 2004;  9; 1
   20.32;    .15; 2004;  9; 2
   20.37;    .26; 2004;  9; 3
   20.43;    .37; 2004;  9; 4
   20.51;    .48; 2004; 10; 0
   20.62;    .59; 2004; 10; 1
   20.75;    .70; 2004; 10; 2
   20.90;    .81; 2004; 10; 3
   21.08;    .92; 2004; 10; 4
   21.27;   1.03; 2004; 11; 0
   21.49;   1.14; 2004; 11; 1
   21.73;   1.25; 2004; 11; 2
   21.99;   1.35; 2004; 11; 3
   22.27;   1.44; 2004; 11; 4
   22.57;   1.52; 2004; 12; 0
   22.88;   1.59; 2004; 12; 1
   23.20;   1.64; 2004; 12; 2
   23.53;   1.67; 2004; 12; 3
   23.87;   1.67; 2004; 12; 4
   24.20;   1.64; 2005;  1; 0
   24.53;   1.58; 2005;  1; 1
   24.83;   1.49; 2005;  1; 2
   25.12;   1.36; 2005;  1; 3
   25.38;   1.20; 2005;  1; 4
   25.60;   1.01; 2005;  2; 0
   25.78;    .79; 2005;  2; 1
   25.91;    .55; 2005;  2; 2
   26.00;    .29; 2005;  2; 3
   26.03;    .03; 2005;  2; 4
   26.01;   -.23; 2005;  3; 0
   25.94;   -.49; 2005;  3; 1
   25.81;   -.73; 2005;  3; 2
   25.65;   -.95; 2005;  3; 3
   25.44;  -1.14; 2005;  3; 4
   25.19;  -1.31; 2005;  4; 0
   24.92;  -1.44; 2005;  4; 1
   24.62;  -1.53; 2005;  4; 2
   24.30;  -1.60; 2005;  4; 3
   23.98;  -1.63; 2005;  4; 4
   23.65;  -1.63; 2005;  5; 0
   23.33;  -1.61; 2005;  5; 1
   23.01;  -1.57; 2005;  5; 2
   22.70;  -1.51; 2005;  5; 3
   22.41;  -1.45; 2005;  5; 4
   22.12;  -1.37; 2005;  6; 0
   21.86;  -1.29; 2005;  6; 1
   21.61;  -1.21; 2005;  6; 2
   21.37;  -1.13; 2005;  6; 3
   21.15;  -1.05; 2005;  6; 4
   20.95;   -.97; 2005;  7; 0
   20.77;   -.89; 2005;  7; 1
   20.60;   -.81; 2005;  7; 2
   20.44;   -.73; 2005;  7; 3
   20.30;   -.65; 2005;  7; 4
   20.18;   -.56; 2005;  8; 0
   20.08;   -.47; 2005;  8; 1
   19.99;   -.38; 2005;  8; 2
   19.93;   -.27; 2005;  8; 3
   19.88;   -.17; 2005;  8; 4
   19.86;   -.06; 2005;  9; 0
   19.86;    .06; 2005;  9; 1
   19.88;    .18; 2005;  9; 2
   19.93;    .30; 2005;  9; 3
   20.00;    .42; 2005;  9; 4
   20.10;    .54; 2005; 10; 0
   20.22;    .66; 2005; 10; 1
   20.36;    .78; 2005; 10; 2
   20.53;    .91; 2005; 10; 3
   20.72;   1.03; 2005; 10; 4
   20.94;   1.15; 2005; 11; 0
   21.18;   1.27; 2005; 11; 1
   21.45;   1.38; 2005; 11; 2
   21.74;   1.49; 2005; 11; 3
   22.05;   1.59; 2005; 11; 4
   22.37;   1.68; 2005; 12; 0
   22.72;   1.76; 2005; 12; 1
   23.08;   1.82; 2005; 12; 2
   23.44;   1.85; 2005; 12; 3
   23.82;   1.86; 2005; 12; 4
   24.19;   1.84; 2006;  1; 0
   24.55;   1.79; 2006;  1; 1
   24.90;   1.70; 2006;  1; 2
   25.23;   1.58; 2006;  1; 3
   25.53;   1.43; 2006;  1; 4
   25.80;   1.24; 2006;  2; 0
   26.02;   1.03; 2006;  2; 1
   26.21;    .79; 2006;  2; 2
   26.34;    .54; 2006;  2; 3
   26.42;    .28; 2006;  2; 4
   26.45;    .02; 2006;  3; 0
   26.43;   -.23; 2006;  3; 1
   26.36;   -.47; 2006;  3; 2
   26.24;   -.70; 2006;  3; 3
   26.08;   -.89; 2006;  3; 4
   25.89;  -1.06; 2006;  4; 0
   25.66;  -1.20; 2006;  4; 1
   25.41;  -1.30; 2006;  4; 2
   25.14;  -1.37; 2006;  4; 3
   24.86;  -1.41; 2006;  4; 4
   24.58;  -1.42; 2006;  5; 0
   24.30;  -1.41; 2006;  5; 1
   24.02;  -1.37; 2006;  5; 2
   23.75;  -1.33; 2006;  5; 3
   23.49;  -1.27; 2006;  5; 4
   23.24;  -1.20; 2006;  6; 0
   23.01;  -1.13; 2006;  6; 1
   22.79;  -1.06; 2006;  6; 2
   22.58;   -.99; 2006;  6; 3
   22.39;   -.92; 2006;  6; 4
   22.21;   -.86; 2006;  7; 0
   22.05;   -.80; 2006;  7; 1
   21.90;   -.73; 2006;  7; 2
   21.76;   -.67; 2006;  7; 3
   21.63;   -.61; 2006;  7; 4
   21.51;   -.54; 2006;  8; 0
   21.41;   -.47; 2006;  8; 1
   21.32;   -.39; 2006;  8; 2
   21.25;   -.31; 2006;  8; 3
   21.20;   -.23; 2006;  8; 4
   21.16;   -.13; 2006;  9; 0
   21.15;   -.04; 2006;  9; 1
   21.15;    .06; 2006;  9; 2
   21.17;    .16; 2006;  9; 3
   21.21;    .27; 2006;  9; 4
   21.28;    .37; 2006; 10; 0
   21.36;    .48; 2006; 10; 1
   21.47;    .58; 2006; 10; 2
   21.60;    .69; 2006; 10; 3
   21.74;    .79; 2006; 10; 4
   21.91;    .90; 2006; 11; 0
   22.10;   1.00; 2006; 11; 1
   22.31;   1.10; 2006; 11; 2
   22.54;   1.19; 2006; 11; 3
   22.79;   1.27; 2006; 11; 4
   23.05;   1.34; 2006; 12; 0
   23.32;   1.40; 2006; 12; 1
   23.61;   1.44; 2006; 12; 2
   23.90;   1.47; 2006; 12; 3
   24.19;   1.46; 2006; 12; 4
   24.48;   1.43; 2007;  1; 0
   24.76;   1.37; 2007;  1; 1
   25.03;   1.28; 2007;  1; 2
   25.27;   1.15; 2007;  1; 3
   25.49;    .99; 2007;  1; 4
   25.67;    .80; 2007;  2; 0
   25.81;    .59; 2007;  2; 1
   25.90;    .36; 2007;  2; 2
   25.95;    .11; 2007;  2; 3
   25.95;   -.15; 2007;  2; 4
   25.89;   -.41; 2007;  3; 0
   25.78;   -.66; 2007;  3; 1
   25.62;   -.90; 2007;  3; 2
   25.42;  -1.12; 2007;  3; 3
   25.18;  -1.31; 2007;  3; 4
   24.90;  -1.48; 2007;  4; 0
   24.59;  -1.61; 2007;  4; 1
   24.26;  -1.70; 2007;  4; 2
   23.91;  -1.76; 2007;  4; 3
   23.55;  -1.79; 2007;  4; 4
   23.20;  -1.79; 2007;  5; 0
   22.84;  -1.76; 2007;  5; 1
   22.49;  -1.71; 2007;  5; 2
   22.16;  -1.64; 2007;  5; 3
   21.84;  -1.56; 2007;  5; 4
   21.54;  -1.47; 2007;  6; 0
   21.25;  -1.38; 2007;  6; 1
   20.98;  -1.29; 2007;  6; 2
   20.74;  -1.19; 2007;  6; 3
   20.51;  -1.10; 2007;  6; 4
   20.29;  -1.02; 2007;  7; 0
   20.10;   -.93; 2007;  7; 1
   19.92;   -.85; 2007;  7; 2
   19.76;   -.76; 2007;  7; 3
   19.62;   -.67; 2007;  7; 4
   19.49;   -.58; 2007;  8; 0
   19.38;   -.49; 2007;  8; 1
   19.30;   -.39; 2007;  8; 2
   19.23;   -.29; 2007;  8; 3
   19.18;   -.18; 2007;  8; 4
   19.16;   -.06; 2007;  9; 0
   19.16;    .06; 2007;  9; 1
   19.18;    .19; 2007;  9; 2
   19.23;    .32; 2007;  9; 3
   19.31;    .45; 2007;  9; 4
   19.41;    .58; 2007; 10; 0
   19.54;    .71; 2007; 10; 1
   19.70;    .84; 2007; 10; 2
   19.88;    .97; 2007; 10; 3
   20.09;   1.10; 2007; 10; 4
   20.32;   1.22; 2007; 11; 0
   20.58;   1.34; 2007; 11; 1
   20.86;   1.46; 2007; 11; 2
   21.16;   1.56; 2007; 11; 3
   21.48;   1.66; 2007; 11; 4
   21.82;   1.75; 2007; 12; 0
   22.18;   1.82; 2007; 12; 1
   22.55;   1.87; 2007; 12; 2
   22.93;   1.90; 2007; 12; 3
   23.31;   1.91; 2007; 12; 4
   23.69;   1.89; 2008;  1; 0
   24.06;   1.84; 2008;  1; 1
   24.42;   1.75; 2008;  1; 2
   24.76;   1.63; 2008;  1; 3
   25.07;   1.48; 2008;  1; 4
   25.35;   1.30; 2008;  2; 0
   25.59;   1.09; 2008;  2; 1
   25.79;    .86; 2008;  2; 2
   25.93;    .61; 2008;  2; 3
   26.03;    .35; 2008;  2; 4
   26.07;    .09; 2008;  3; 0
   26.07;   -.17; 2008;  3; 1
   26.01;   -.42; 2008;  3; 2
   25.90;   -.64; 2008;  3; 3
   25.75;   -.85; 2008;  3; 4
   25.56;  -1.02; 2008;  4; 0
   25.34;  -1.17; 2008;  4; 1
   25.10;  -1.28; 2008;  4; 2
   24.84;  -1.35; 2008;  4; 3
   24.56;  -1.39; 2008;  4; 4
   24.28;  -1.41; 2008;  5; 0
   24.00;  -1.39; 2008;  5; 1
   23.72;  -1.36; 2008;  5; 2
   23.46;  -1.30; 2008;  5; 3
   23.20;  -1.24; 2008;  5; 4
   22.96;  -1.17; 2008;  6; 0
   22.74;  -1.09; 2008;  6; 1
   22.53;  -1.01; 2008;  6; 2
   22.33;   -.94; 2008;  6; 3
   22.15;   -.87; 2008;  6; 4
   21.99;   -.80; 2008;  7; 0
   21.83;   -.73; 2008;  7; 1
   21.69;   -.67; 2008;  7; 2
   21.56;   -.61; 2008;  7; 3
   21.45;   -.55; 2008;  7; 4
   21.35;   -.48; 2008;  8; 0
   21.26;   -.41; 2008;  8; 1
   21.18;   -.33; 2008;  8; 2
   21.12;   -.25; 2008;  8; 3
   21.08;   -.16; 2008;  8; 4
   21.06;   -.07; 2008;  9; 0
   21.06;    .04; 2008;  9; 1
   21.07;    .15; 2008;  9; 2
   21.11;    .26; 2008;  9; 3
   21.18;    .38; 2008;  9; 4
   21.26;    .49; 2008; 10; 0
   21.38;    .61; 2008; 10; 1
   21.51;    .73; 2008; 10; 2
   21.67;    .85; 2008; 10; 3
   21.85;    .96; 2008; 10; 4
   22.05;   1.07; 2008; 11; 0
   22.28;   1.18; 2008; 11; 1
   22.53;   1.28; 2008; 11; 2
   22.79;   1.38; 2008; 11; 3
   23.08;   1.46; 2008; 11; 4
   23.38;   1.53; 2008; 12; 0
   23.69;   1.59; 2008; 12; 1
   24.01;   1.64; 2008; 12; 2
   24.34;   1.66; 2008; 12; 3
   24.68;   1.66; 2008; 12; 4
   25.00;   1.63; 2009;  1; 0
   25.33;   1.58; 2009;  1; 1
   25.63;   1.49; 2009;  1; 2
   25.92;   1.37; 2009;  1; 3
   26.18;   1.22; 2009;  1; 4
   26.41;   1.04; 2009;  2; 0
   26.60;    .84; 2009;  2; 1
   26.74;    .61; 2009;  2; 2
   26.84;    .37; 2009;  2; 3
   26.89;    .11; 2009;  2; 4
   26.88;   -.15; 2009;  3; 0
   26.83;   -.40; 2009;  3; 1
   26.72;   -.65; 2009;  3; 2
   26.57;   -.87; 2009;  3; 3
   26.38;  -1.07; 2009;  3; 4
   26.14;  -1.25; 2009;  4; 0
   25.88;  -1.39; 2009;  4; 1
   25.59;  -1.49; 2009;  4; 2
   25.28;  -1.56; 2009;  4; 3
   24.97;  -1.60; 2009;  4; 4
   24.65;  -1.61; 2009;  5; 0
   24.33;  -1.59; 2009;  5; 1
   24.01;  -1.54; 2009;  5; 2
   23.71;  -1.48; 2009;  5; 3
   23.42;  -1.40; 2009;  5; 4
   23.15;  -1.32; 2009;  6; 0
   22.89;  -1.23; 2009;  6; 1
   22.66;  -1.14; 2009;  6; 2
   22.44;  -1.06; 2009;  6; 3
   22.23;   -.98; 2009;  6; 4
   22.04;   -.90; 2009;  7; 0
   21.87;   -.83; 2009;  7; 1
   21.71;   -.77; 2009;  7; 2
   21.56;   -.70; 2009;  7; 3
   21.43;   -.64; 2009;  7; 4
   21.31;   -.57; 2009;  8; 0
   21.20;   -.50; 2009;  8; 1
   21.11;   -.42; 2009;  8; 2
   21.03;   -.34; 2009;  8; 3
   20.98;   -.25; 2009;  8; 4
   20.94;   -.15; 2009;  9; 0
   20.92;   -.04; 2009;  9; 1
   20.92;    .07; 2009;  9; 2
   20.95;    .19; 2009;  9; 3
   21.00;    .31; 2009;  9; 4
   21.07;    .44; 2009; 10; 0
   21.17;    .56; 2009; 10; 1
   21.30;    .68; 2009; 10; 2
   21.45;    .80; 2009; 10; 3
   21.62;    .92; 2009; 10; 4
   21.81;   1.03; 2009; 11; 0
   22.03;   1.13; 2009; 11; 1
   22.27;   1.23; 2009; 11; 2
   22.52;   1.32; 2009; 11; 3
   22.80;   1.40; 2009; 11; 4
   23.08;   1.47; 2009; 12; 0
   23.38;   1.52; 2009; 12; 1
   23.69;   1.56; 2009; 12; 2
   24.00;   1.57; 2009; 12; 3
   24.32;   1.57; 2009; 12; 4
   24.63;   1.54; 2010;  1; 0
   24.93;   1.48; 2010;  1; 1
   25.22;   1.39; 2010;  1; 2
   25.49;   1.27; 2010;  1; 3
   25.73;   1.12; 2010;  1; 4
   25.93;    .94; 2010;  2; 0
   26.10;    .74; 2010;  2; 1
   26.23;    .51; 2010;  2; 2
   26.31;    .27; 2010;  2; 3
   26.33;    .01; 2010;  2; 4
   26.31;   -.25; 2010;  3; 0
   26.24;   -.51; 2010;  3; 1
   26.11;   -.76; 2010;  3; 2
   25.93;   -.99; 2010;  3; 3
   25.72;  -1.20; 2010;  3; 4
   25.46;  -1.37; 2010;  4; 0
   25.17;  -1.52; 2010;  4; 1
   24.85;  -1.63; 2010;  4; 2
   24.52;  -1.71; 2010;  4; 3
   24.17;  -1.75; 2010;  4; 4
   23.82;  -1.75; 2010;  5; 0
   23.47;  -1.73; 2010;  5; 1
   23.13;  -1.68; 2010;  5; 2
   22.80;  -1.61; 2010;  5; 3
   22.48;  -1.53; 2010;  5; 4
   22.19;  -1.44; 2010;  6; 0
   21.91;  -1.34; 2010;  6; 1
   21.65;  -1.25; 2010;  6; 2
   21.41;  -1.16; 2010;  6; 3
   21.19;  -1.07; 2010;  6; 4
   20.98;   -.99; 2010;  7; 0
   20.79;   -.91; 2010;  7; 1
   20.61;   -.84; 2010;  7; 2
   20.45;   -.78; 2010;  7; 3
   20.30;   -.71; 2010;  7; 4
   20.17;   -.64; 2010;  8; 0
   20.05;   -.57; 2010;  8; 1
   19.94;   -.49; 2010;  8; 2
   19.85;   -.40; 2010;  8; 3
   19.78;   -.30; 2010;  8; 4
   19.73;   -.19; 2010;  9; 0
   19.70;   -.08; 2010;  9; 1
   19.70;    .05; 2010;  9; 2
   19.72;    .18; 2010;  9; 3
   19.77;    .31; 2010;  9; 4
   19.85;    .45; 2010; 10; 0
   19.95;    .59; 2010; 10; 1
   20.09;    .73; 2010; 10; 2
   20.25;    .86; 2010; 10; 3
   20.43;    .99; 2010; 10; 4
   20.64;   1.12; 2010; 11; 0
   20.88;   1.23; 2010; 11; 1
   21.14;   1.33; 2010; 11; 2
   21.41;   1.43; 2010; 11; 3
   21.71;   1.51; 2010; 11; 4
   22.02;   1.58; 2010; 12; 0
   22.34;   1.64; 2010; 12; 1
   22.67;   1.68; 2010; 12; 2
   23.01;   1.70; 2010; 12; 3
   23.35;   1.70; 2010; 12; 4
   23.69;   1.68; 2011;  1; 0
   24.02;   1.63; 2011;  1; 1
   24.34;   1.55; 2011;  1; 2
   24.64;   1.45; 2011;  1; 3
   24.92;   1.31; 2011;  1; 4
   25.16;   1.15; 2011;  2; 0
   25.38;    .96; 2011;  2; 1
   25.55;    .74; 2011;  2; 2
   25.67;    .51; 2011;  2; 3
   25.75;    .26; 2011;  2; 4
   25.77;    .00; 2011;  3; 0
   25.75;   -.25; 2011;  3; 1
   25.67;   -.50; 2011;  3; 2
   25.55;   -.73; 2011;  3; 3
   25.38;   -.94; 2011;  3; 4
   25.17;  -1.13; 2011;  4; 0
   24.93;  -1.28; 2011;  4; 1
   24.67;  -1.39; 2011;  4; 2
   24.38;  -1.47; 2011;  4; 3
   24.08;  -1.51; 2011;  4; 4
   23.77;  -1.52; 2011;  5; 0
   23.47;  -1.50; 2011;  5; 1
   23.18;  -1.45; 2011;  5; 2
   22.89;  -1.37; 2011;  5; 3
   22.63;  -1.29; 2011;  5; 4
   22.38;  -1.19; 2011;  6; 0
   22.15;  -1.09; 2011;  6; 1
   21.94;   -.99; 2011;  6; 2
   21.76;   -.90; 2011;  6; 3
   21.58;   -.81; 2011;  6; 4
   21.43;   -.73; 2011;  7; 0
   21.29;   -.66; 2011;  7; 1
   21.16;   -.60; 2011;  7; 2
   21.05;   -.55; 2011;  7; 3
   20.95;   -.49; 2011;  7; 4
   20.85;   -.44; 2011;  8; 0
   20.77;   -.38; 2011;  8; 1
   20.70;   -.31; 2011;  8; 2
   20.65;   -.23; 2011;  8; 3
   20.61;   -.15; 2011;  8; 4
   20.59;   -.05; 2011;  9; 0
   20.59;    .06; 2011;  9; 1
   20.62;    .18; 2011;  9; 2
   20.66;    .31; 2011;  9; 3
   20.74;    .45; 2011;  9; 4
   20.85;    .59; 2011; 10; 0
   20.98;    .73; 2011; 10; 1
   21.14;    .87; 2011; 10; 2
   21.32;   1.00; 2011; 10; 3
   21.54;   1.12; 2011; 10; 4
   21.77;   1.24; 2011; 11; 0
   22.03;   1.34; 2011; 11; 1
   22.31;   1.44; 2011; 11; 2
   22.61;   1.52; 2011; 11; 3
   22.92;   1.58; 2011; 11; 4
   23.24;   1.63; 2011; 12; 0
   23.57;   1.67; 2011; 12; 1
   23.91;   1.70; 2011; 12; 2
   24.25;   1.70; 2011; 12; 3
   24.59;   1.69; 2011; 12; 4
   24.92;   1.66; 2012;  1; 0
   25.25;   1.60; 2012;  1; 1
   25.56;   1.52; 2012;  1; 2
   25.86;   1.41; 2012;  1; 3
   26.13;   1.28; 2012;  1; 4
   26.37;   1.12; 2012;  2; 0
   26.57;    .93; 2012;  2; 1
   26.74;    .72; 2012;  2; 2
   26.86;    .48; 2012;  2; 3
   26.93;    .23; 2012;  2; 4
   26.95;   -.03; 2012;  3; 0
   26.92;   -.29; 2012;  3; 1
   26.83;   -.55; 2012;  3; 2
   26.70;   -.80; 2012;  3; 3
   26.51;  -1.03; 2012;  3; 4
   26.29;  -1.24; 2012;  4; 0
   26.02;  -1.41; 2012;  4; 1
   25.72;  -1.54; 2012;  4; 2
   25.41;  -1.64; 2012;  4; 3
   25.07;  -1.69; 2012;  4; 4
   24.73;  -1.71; 2012;  5; 0
   24.39;  -1.69; 2012;  5; 1
   24.06;  -1.64; 2012;  5; 2
   23.74;  -1.56; 2012;  5; 3
   23.43;  -1.47; 2012;  5; 4
   23.15;  -1.36; 2012;  6; 0
   22.89;  -1.25; 2012;  6; 1
   22.65;  -1.15; 2012;  6; 2
   22.43;  -1.05; 2012;  6; 3
   22.23;   -.96; 2012;  6; 4
   22.04;   -.89; 2012;  7; 0
   21.87;   -.83; 2012;  7; 1
   21.71;   -.78; 2012;  7; 2
   21.56;   -.74; 2012;  7; 3
   21.42;   -.71; 2012;  7; 4
   21.28;   -.67; 2012;  8; 0
   21.15;   -.64; 2012;  8; 1
   21.02;   -.59; 2012;  8; 2
   20.91;   -.53; 2012;  8; 3
   20.81;   -.46; 2012;  8; 4
   20.73;   -.36; 2012;  9; 0
   20.67;   -.25; 2012;  9; 1
   20.63;   -.12; 2012;  9; 2
   20.62;    .02; 2012;  9; 3
   20.64;    .18; 2012;  9; 4
   20.69;    .34; 2012; 10; 0
   20.77;    .50; 2012; 10; 1
   20.89;    .65; 2012; 10; 2
   21.03;    .80; 2012; 10; 3
   21.21;    .93; 2012; 10; 4
   21.40;   1.04; 2012; 11; 0
   21.62;   1.14; 2012; 11; 1
   21.86;   1.22; 2012; 11; 2
   22.11;   1.27; 2012; 11; 3
   22.37;   1.32; 2012; 11; 4
   22.63;   1.34; 2012; 12; 0
   22.90;   1.36; 2012; 12; 1
   23.18;   1.37; 2012; 12; 2
   23.45;   1.37; 2012; 12; 3
   23.73;   1.37; 2012; 12; 4
   24.00;   1.37; 2013;  1; 0
   24.28;   1.46; 2013;  1; 1
   24.58;   1.46; 2013;  1; 2
   24.86;   1.39; 2013;  1; 3
   25.13;   1.23; 2013;  1; 4
   25.35;   0.99; 2013;  2; 0
   25.52;   0.77; 2013;  2; 1
   25.65;   0.52; 2013;  2; 2
   25.73;   0.26; 2013;  2; 3
   25.76;  -0.01; 2013;  2; 4
   25.73;  -0.28; 2013;  3; 0
   25.65;  -0.53; 2013;  3; 1
   25.52;  -0.76; 2013;  3; 2
   25.34;  -0.96; 2013;  3; 3
   25.13;  -1.13; 2013;  3; 4
   24.89;  -1.26; 2013;  4; 0
   24.63;  -1.35; 2013;  4; 1
   24.35;  -1.42; 2013;  4; 2
   24.07;  -1.45; 2013;  4; 3
   23.77;  -1.45; 2013;  4; 4
   23.48;  -1.44; 2013;  5; 0
   23.20;  -1.42; 2013;  5; 1
   22.92;  -1.38; 2013;  5; 2
   22.64;  -1.35; 2013;  5; 3
   22.38;  -1.32; 2013;  5; 4
   22.12;  -1.28; 2013;  6; 0
   21.86;  -1.26; 2013;  6; 1
   21.61;  -1.23; 2013;  6; 2
   21.37;  -1.20; 2013;  6; 3
   21.13;  -1.16; 2013;  6; 4
   20.90;  -1.12; 2013;  7; 0
   20.68;  -1.07; 2013;  7; 1
   20.48;  -1.00; 2013;  7; 2
   20.29;  -0.91; 2013;  7; 3
   20.11;  -0.81; 2013;  7; 4
   19.96;  -0.69; 2013;  8; 0
   19.84;  -0.55; 2013;  8; 1
   19.74;  -0.40; 2013;  8; 2
   19.68;  -0.24; 2013;  8; 3
   19.65;  -0.08; 2013;  8; 4
   19.65;   0.07; 2013;  9; 0
   19.68;   0.22; 2013;  9; 1
   19.73;   0.37; 2013;  9; 2
   19.82;   0.50; 2013;  9; 3
   19.93;   0.61; 2013;  9; 4
   20.07;   0.72; 2013; 10; 0
   20.22;   0.81; 2013; 10; 1
   20.39;   0.90; 2013; 10; 2
   20.58;   0.98; 2013; 10; 3
   20.78;   1.05; 2013; 10; 4
   21.00;   1.13; 2013; 11; 0
   21.24;   1.22; 2013; 11; 1
   21.49;   1.31; 2013; 11; 2
   21.76;   1.40; 2013; 11; 3
   22.05;   1.50; 2013; 11; 4
   22.36;   1.60; 2013; 12; 0
   22.69;   1.69; 2013; 12; 1
   23.04;   1.77; 2013; 12; 2
   23.40;   1.83; 2013; 12; 3
   23.77;   1.87; 2013; 12; 4
   24.14;   1.87; 2014;  1; 0
   24.51;   1.84; 2014;  1; 1
   24.88;   1.76; 2014;  1; 2
   25.22;   1.64; 2014;  1; 3
   25.53;   1.49; 2014;  1; 4
   25.81;   1.29; 2014;  2; 0
   26.04;   1.06; 2014;  2; 1
   26.23;   0.80; 2014;  2; 2
   26.36;   0.53; 2014;  2; 3
   26.44;   0.25; 2014;  2; 4
   26.46;  -0.03; 2014;  3; 0
   26.43;  -0.29; 2014;  3; 1
   26.35;  -0.53; 2014;  3; 2
   26.22;  -0.74; 2014;  3; 3
   26.06;  -0.92; 2014;  3; 4
   25.86;  -1.06; 2014;  4; 0
   25.64;  -1.16; 2014;  4; 1
   25.39;  -1.24; 2014;  4; 2
   25.14;  -1.28; 2014;  4; 3
   24.88;  -1.29; 2014;  4; 4
   24.63;  -1.29; 2014;  5; 0
   24.37;  -1.28; 2014;  5; 1
   24.11;  -1.25; 2014;  5; 2
   23.87;  -1.23; 2014;  5; 3
   23.62;  -1.20; 2014;  5; 4
   23.38;  -1.18; 2014;  6; 0
   23.15;  -1.16; 2014;  6; 1
   22.92;  -1.15; 2014;  6; 2
   22.69;  -1.13; 2014;  6; 3
   22.47;  -1.10; 2014;  6; 4
   22.25;  -1.07; 2014;  7; 0
   22.04;  -1.03; 2014;  7; 1
   21.84;  -0.97; 2014;  7; 2
   21.65;  -0.89; 2014;  7; 3
   21.48;  -0.80; 2014;  7; 4
   21.33;  -0.68; 2014;  8; 0
   21.21;  -0.56; 2014;  8; 1
   21.11;  -0.41; 2014;  8; 2
   21.04;  -0.26; 2014;  8; 3
   21.00;  -0.11; 2014;  8; 4
   21.00;   0.05; 2014;  9; 0
   21.02;   0.19; 2014;  9; 1
   21.08;   0.33; 2014;  9; 2
   21.16;   0.46; 2014;  9; 3
   21.26;   0.58; 2014;  9; 4
   21.39;   0.68; 2014; 10; 0
   21.53;   0.77; 2014; 10; 1
   21.69;   0.85; 2014; 10; 2
   21.87;   0.93; 2014; 10; 3
   22.07;   1.01; 2014; 10; 4
   22.27;   1.08; 2014; 11; 0
   22.50;   1.17; 2014; 11; 1
   22.74;   1.25; 2014; 11; 2
   23.00;   1.35; 2014; 11; 3
   23.28;   1.45; 2014; 11; 4
   23.58;   1.55; 2014; 12; 0
   23.90;   1.64; 2014; 12; 1
   24.24;   1.72; 2014; 12; 2
   24.59;   1.79; 2014; 12; 3
   24.95;   1.83; 2014; 12; 4
   25.32;   1.83; 2015;  1; 0
   25.69;   1.81; 2015;  1; 1
   26.04;   1.74; 2015;  1; 2
   26.38;   1.62; 2015;  1; 3
   26.69;   1.47; 2015;  1; 4
   26.96;   1.28; 2015;  2; 0
   27.20;   1.05; 2015;  2; 1
   27.38;   0.80; 2015;  2; 2
   27.51;   0.53; 2015;  2; 3
   27.59;   0.25; 2015;  2; 4
   27.61;  -0.02; 2015;  3; 0
   27.58;  -0.28; 2015;  3; 1
   27.50;  -0.52; 2015;  3; 2
   27.38;  -0.73; 2015;  3; 3
   27.21;  -0.91; 2015;  3; 4
   27.01;  -1.05; 2015;  4; 0
   26.79;  -1.15; 2015;  4; 1
   26.55;  -1.22; 2015;  4; 2
   26.31;  -1.26; 2015;  4; 3
   26.05;  -1.28; 2015;  4; 4
   25.80;  -1.27; 2015;  5; 0
   25.54;  -1.26; 2015;  5; 1
   25.29;  -1.23; 2015;  5; 2
   25.05;  -1.21; 2015;  5; 3
   24.81;  -1.18; 2015;  5; 4
   24.57;  -1.16; 2015;  6; 0
   24.34;  -1.15; 2015;  6; 1
   24.12;  -1.13; 2015;  6; 2
   23.89;  -1.12; 2015;  6; 3
   23.67;  -1.10; 2015;  6; 4
   23.45;  -1.07; 2015;  7; 0
   23.24;  -1.03; 2015;  7; 1
   23.04;  -0.98; 2015;  7; 2
   22.85;  -0.91; 2015;  7; 3
   22.67;  -0.82; 2015;  7; 4
   22.52;  -0.72; 2015;  8; 0
   22.39;  -0.59; 2015;  8; 1
   22.28;  -0.46; 2015;  8; 2
   22.20;  -0.31; 2015;  8; 3
   22.16;  -0.16; 2015;  8; 4
   22.14;  -0.02; 2015;  9; 0
   22.15;   0.12; 2015;  9; 1
   22.19;   0.26; 2015;  9; 2
   22.25;   0.38; 2015;  9; 3
   22.34;   0.49; 2015;  9; 4
   22.45;   0.58; 2015; 10; 0
   22.57;   0.66; 2015; 10; 1
   22.71;   0.74; 2015; 10; 2
   22.86;   0.80; 2015; 10; 3
   23.03;   0.87; 2015; 10; 4
   23.21;   0.94; 2015; 11; 0
   23.41;   1.01; 2015; 11; 1
   23.62;   1.09; 2015; 11; 2
   23.85;   1.17; 2015; 11; 3
   24.09;   1.26; 2015; 11; 4
   24.35;   1.35; 2015; 12; 0
   24.63;   1.44; 2015; 12; 1
   24.93;   1.52; 2015; 12; 2
   25.24;   1.58; 2015; 12; 3
   25.56;   1.61; 2015; 12; 4
   25.88;   1.61; 2016;  1; 0
   26.20;   1.58; 2016;  1; 1
   26.51;   1.51; 2016;  1; 2
   26.80;   1.39; 2016;  1; 3
   27.07;   1.24; 2016;  1; 4
   27.30;   1.04; 2016;  2; 0
   27.48;   0.81; 2016;  2; 1
   27.62;   0.55; 2016;  2; 2
   27.70;   0.28; 2016;  2; 3
   27.73;   0.00; 2016;  2; 4
   27.71;  -0.27; 2016;  3; 0
   27.63;  -0.53; 2016;  3; 1
   27.49;  -0.77; 2016;  3; 2
   27.32;  -0.98; 2016;  3; 3
   27.10;  -1.16; 2016;  3; 4
   26.86;  -1.29; 2016;  4; 0
   26.59;  -1.40; 2016;  4; 1
   26.30;  -1.46; 2016;  4; 2
   26.00;  -1.50; 2016;  4; 3
   25.70;  -1.50; 2016;  4; 4
   25.40;  -1.49; 2016;  5; 0
   25.11;  -1.47; 2016;  5; 1
   24.82;  -1.44; 2016;  5; 2
   24.53;  -1.40; 2016;  5; 3
   24.25;  -1.37; 2016;  5; 4
   23.98;  -1.34; 2016;  6; 0
   23.72;  -1.31; 2016;  6; 1
   23.46;  -1.29; 2016;  6; 2
   23.20;  -1.27; 2016;  6; 3
   22.95;  -1.24; 2016;  6; 4
   22.70;  -1.21; 2016;  7; 0
   22.46;  -1.16; 2016;  7; 1
   22.24;  -1.10; 2016;  7; 2
   22.02;  -1.02; 2016;  7; 3
   21.83;  -0.93; 2016;  7; 4
   21.65;  -0.81; 2016;  8; 0
   21.50;  -0.68; 2016;  8; 1
   21.38;  -0.53; 2016;  8; 2
   21.29;  -0.38; 2016;  8; 3
   21.23;  -0.22; 2016;  8; 4
   21.20;  -0.06; 2016;  9; 0
   21.21;   0.09; 2016;  9; 1
   21.24;   0.24; 2016;  9; 2
   21.30;   0.37; 2016;  9; 3
   21.39;   0.49; 2016;  9; 4
   21.50;   0.59; 2016; 10; 0
   21.62;   0.68; 2016; 10; 1
   21.77;   0.76; 2016; 10; 2
   21.93;   0.83; 2016; 10; 3
   22.10;   0.91; 2016; 10; 4
   22.29;   0.98; 2016; 11; 0
   22.49;   1.05; 2016; 11; 1
   22.71;   1.14; 2016; 11; 2
   22.95;   1.22; 2016; 11; 3
   23.20;   1.31; 2016; 11; 4
   23.48;   1.41; 2016; 12; 0
   23.77;   1.50; 2016; 12; 1
   24.08;   1.57; 2016; 12; 2
   24.40;   1.64; 2016; 12; 3
   24.73;   1.67; 2016; 12; 4
   25.07;   1.68; 2017;  1; 0
   25.40;   1.65; 2017;  1; 1
   25.72;   1.57; 2017;  1; 2
   26.03;   1.46; 2017;  1; 3
   26.30;   1.30; 2017;  1; 4
   26.55;   1.10; 2017;  2; 0
   26.74;   0.87; 2017;  2; 1
   26.89;   0.61; 2017;  2; 2
   26.99;   0.33; 2017;  2; 3
   27.02;   0.05; 2017;  2; 4
   27.00;  -0.24; 2017;  3; 0
   26.93;  -0.51; 2017;  3; 1
   26.80;  -0.75; 2017;  3; 2
   26.63;  -0.97; 2017;  3; 3
   26.42;  -1.15; 2017;  3; 4
   26.17;  -1.30; 2017;  4; 0
   25.90;  -1.41; 2017;  4; 1
   25.61;  -1.48; 2017;  4; 2
   25.31;  -1.52; 2017;  4; 3
   25.00;  -1.53; 2017;  4; 4
   24.70;  -1.53; 2017;  5; 0
   24.39;  -1.51; 2017;  5; 1
   24.09;  -1.48; 2017;  5; 2
   23.80;  -1.46; 2017;  5; 3
   23.51;  -1.43; 2017;  5; 4
   23.22;  -1.41; 2017;  6; 0
   22.95;  -1.39; 2017;  6; 1
   22.67;  -1.37; 2017;  6; 2
   22.40;  -1.36; 2017;  6; 3
   22.13;  -1.34; 2017;  6; 4
   21.86;  -1.31; 2017;  7; 0
   21.60;  -1.27; 2017;  7; 1
   21.35;  -1.22; 2017;  7; 2
   21.11;  -1.14; 2017;  7; 3
   20.89;  -1.05; 2017;  7; 4
   20.69;  -0.94; 2017;  8; 0
   20.52;  -0.81; 2017;  8; 1
   20.37;  -0.66; 2017;  8; 2
   20.25;  -0.51; 2017;  8; 3
   20.17;  -0.35; 2017;  8; 4
   20.11;  -0.19; 2017;  9; 0
   20.09;  -0.03; 2017;  9; 1
   20.10;   0.11; 2017;  9; 2
   20.14;   0.25; 2017;  9; 3
   20.20;   0.37; 2017;  9; 4
   20.28;   0.48; 2017; 10; 0
   20.39;   0.57; 2017; 10; 1
   20.51;   0.66; 2017; 10; 2
   20.65;   0.74; 2017; 10; 3
   20.81;   0.81; 2017; 10; 4
   20.98;   0.89; 2017; 11; 0
   21.16;   0.97; 2017; 11; 1
   21.37;   1.06; 2017; 11; 2
   21.59;   1.16; 2017; 11; 3
   21.83;   1.26; 2017; 11; 4
   22.09;   1.36; 2017; 12; 0
   22.38;   1.46; 2017; 12; 1
   22.68;   1.55; 2017; 12; 2
   23.00;   1.62; 2017; 12; 3
   23.33;   1.67; 2017; 12; 4
   23.66;   1.69; 2018;  1; 0
   24.00;   1.68; 2018;  1; 1
   24.33;   1.62; 2018;  1; 2
   24.65;   1.52; 2018;  1; 3
   24.94;   1.37; 2018;  1; 4
   25.19;   1.19; 2018;  2; 0
   25.41;   0.97; 2018;  2; 1
   25.58;   0.72; 2018;  2; 2
   25.70;   0.46; 2018;  2; 3
   25.77;   0.19; 2018;  2; 4
   25.78;  -0.08; 2018;  3; 0
   25.73;  -0.34; 2018;  3; 1
   25.64;  -0.58; 2018;  3; 2
   25.50;  -0.78; 2018;  3; 3
   25.33;  -0.95; 2018;  3; 4
   25.12;  -1.09; 2018;  4; 0
   24.89;  -1.19; 2018;  4; 1
   24.65;  -1.25; 2018;  4; 2
   24.40;  -1.27; 2018;  4; 3
   24.14;  -1.28; 2018;  4; 4
   23.89;  -1.26; 2018;  5; 0
   23.64;  -1.23; 2018;  5; 1
   23.40;  -1.19; 2018;  5; 2
   23.16;  -1.15; 2018;  5; 3
   22.93;  -1.12; 2018;  5; 4
   22.71;  -1.09; 2018;  6; 0
   22.50;  -1.07; 2018;  6; 1
   22.28;  -1.05; 2018;  6; 2
   22.08;  -1.03; 2018;  6; 3
   21.87;  -1.01; 2018;  6; 4
   21.67;  -0.98; 2018;  7; 0
   21.48;  -0.94; 2018;  7; 1
   21.30;  -0.89; 2018;  7; 2
   21.13;  -0.82; 2018;  7; 3
   20.97;  -0.73; 2018;  7; 4
   20.84;  -0.62; 2018;  8; 0
   20.72;  -0.49; 2018;  8; 1
   20.64;  -0.35; 2018;  8; 2
   20.58;  -0.20; 2018;  8; 3
   20.56;  -0.04; 2018;  8; 4
   20.57;   0.11; 2018;  9; 0
   20.61;   0.26; 2018;  9; 1
   20.67;   0.41; 2018;  9; 2
   20.77;   0.53; 2018;  9; 3
   20.89;   0.65; 2018;  9; 4
   21.02;   0.74; 2018; 10; 0
   21.18;   0.83; 2018; 10; 1
   21.36;   0.90; 2018; 10; 2
   21.54;   0.97; 2018; 10; 3
   21.74;   1.03; 2018; 10; 4
   21.96;   1.09; 2018; 11; 0
   22.18;   1.16; 2018; 11; 1
   22.42;   1.23; 2018; 11; 2
   22.67;   1.31; 2018; 11; 3
   22.95;   1.39; 2018; 11; 4
   23.23;   1.48; 2018; 12; 0
   23.54;   1.56; 2018; 12; 1
   23.86;   1.64; 2018; 12; 2
   24.19;   1.70; 2018; 12; 3
   24.54;   1.74; 2018; 12; 4
   24.89;   1.74; 2019;  1; 0
   25.23;   1.71; 2019;  1; 1
   25.57;   1.64; 2019;  1; 2
   25.89;   1.53; 2019;  1; 3
   26.18;   1.37; 2019;  1; 4
   26.43;   1.17; 2019;  2; 0
   26.64;   0.94; 2019;  2; 1
   26.81;   0.67; 2019;  2; 2
   26.91;   0.39; 2019;  2; 3
   26.96;   0.10; 2019;  2; 4
   26.96;  -0.18; 2019;  3; 0
   26.89;  -0.45; 2019;  3; 1
   26.78;  -0.70; 2019;  3; 2
   26.61;  -0.92; 2019;  3; 3
   26.41;  -1.11; 2019;  3; 4
   26.17;  -1.25; 2019;  4; 0
   25.91;  -1.36; 2019;  4; 1
   25.63;  -1.43; 2019;  4; 2
   25.34;  -1.47; 2019;  4; 3
   25.04;  -1.48; 2019;  4; 4
   24.75;  -1.46; 2019;  5; 0
   24.46;  -1.44; 2019;  5; 1
   24.17;  -1.41; 2019;  5; 2
   23.89;  -1.37; 2019;  5; 3
   23.62;  -1.34; 2019;  5; 4
   23.35;  -1.31; 2019;  6; 0
   23.09;  -1.29; 2019;  6; 1
   22.84;  -1.28; 2019;  6; 2
   22.58;  -1.26; 2019;  6; 3
   22.33;  -1.25; 2019;  6; 4
   22.08;  -1.22; 2019;  7; 0
   21.84;  -1.19; 2019;  7; 1
   21.61;  -1.14; 2019;  7; 2
   21.39;  -1.07; 2019;  7; 3
   21.18;  -0.98; 2019;  7; 4
   21.00;  -0.86; 2019;  8; 0
   20.84;  -0.73; 2019;  8; 1
   20.70;  -0.59; 2019;  8; 2
   20.60;  -0.43; 2019;  8; 3
   20.53;  -0.27; 2019;  8; 4
   20.49;  -0.11; 2019;  9; 0
   20.49;   0.05; 2019;  9; 1
   20.51;   0.20; 2019;  9; 2
   20.57;   0.34; 2019;  9; 3
   20.65;   0.46; 2019;  9; 4
   20.75;   0.56; 2019; 10; 0
   20.87;   0.65; 2019; 10; 1
   21.01;   0.73; 2019; 10; 2
   21.16;   0.80; 2019; 10; 3
   21.33;   0.87; 2019; 10; 4
   21.51;   0.94; 2019; 11; 0
   21.71;   1.01; 2019; 11; 1
   21.92;   1.09; 2019; 11; 2
   22.14;   1.17; 2019; 11; 3
   22.39;   1.26; 2019; 11; 4
   22.65;   1.35; 2019; 12; 0
   22.93;   1.45; 2019; 12; 1
   23.23;   1.53; 2019; 12; 2
   23.54;   1.60; 2019; 12; 3
   23.87;   1.64; 2019; 12; 4
   24.20;   1.66; 2020;  1; 0
   24.53;   1.64; 2020;  1; 1
   24.85;   1.58; 2020;  1; 2
   25.16;   1.47; 2020;  1; 3
   25.44;   1.32; 2020;  1; 4
   25.68;   1.13; 2020;  2; 0
   25.89;   0.90; 2020;  2; 1
   26.04;   0.64; 2020;  2; 2
   26.15;   0.37; 2020;  2; 3
   26.19;   0.08; 2020;  2; 4
   26.18;  -0.20; 2020;  3; 0
   26.11;  -0.47; 2020;  3; 1
   25.99;  -0.72; 2020;  3; 2
   25.82;  -0.94; 2020;  3; 3
   25.62;  -1.12; 2020;  3; 4
   25.38;  -1.26; 2020;  4; 0
   25.11;  -1.37; 2020;  4; 1
   24.83;  -1.43; 2020;  4; 2
   24.54;  -1.46; 2020;  4; 3
   24.25;  -1.47; 2020;  4; 4
   23.96;  -1.45; 2020;  5; 0
   23.67;  -1.42; 2020;  5; 1
   23.39;  -1.38; 2020;  5; 2
   23.12;  -1.34; 2020;  5; 3
   22.85;  -1.31; 2020;  5; 4
   22.59;  -1.28; 2020;  6; 0
   22.34;  -1.26; 2020;  6; 1
   22.09;  -1.24; 2020;  6; 2
   21.84;  -1.23; 2020;  6; 3
   21.59;  -1.21; 2020;  6; 4
   21.35;  -1.19; 2020;  7; 0
   21.12;  -1.15; 2020;  7; 1
   20.89;  -1.10; 2020;  7; 2
   20.68;  -1.03; 2020;  7; 3
   20.48;  -0.94; 2020;  7; 4
   20.30;  -0.83; 2020;  8; 0
   20.15;  -0.70; 2020;  8; 1
   20.03;  -0.55; 2020;  8; 2
   19.93;  -0.39; 2020;  8; 3
   19.87;  -0.22; 2020;  8; 4
   19.84;  -0.06; 2020;  9; 0
   19.85;   0.11; 2020;  9; 1
   19.88;   0.26; 2020;  9; 2
   19.95;   0.40; 2020;  9; 3
   20.04;   0.53; 2020;  9; 4
   20.16;   0.63; 2020; 10; 0
   20.30;   0.73; 2020; 10; 1
   20.45;   0.81; 2020; 10; 2
   20.62;   0.88; 2020; 10; 3
   20.80;   0.95; 2020; 10; 4
   21.00;   1.02; 2020; 11; 0
   21.21;   1.09; 2020; 11; 1
   21.44;   1.17; 2020; 11; 2
   21.68;   1.25; 2020; 11; 3
   21.94;   1.34; 2020; 11; 4
   22.22;   1.44; 2020; 12; 0
   22.51;   1.53; 2020; 12; 1
   22.83;   1.62; 2020; 12; 2
   23.16;   1.69; 2020; 12; 3
   23.51;   1.75; 2020; 12; 4
   23.86;   1.77; 2021;  1; 0
   24.21;   1.75; 2021;  1; 1
   24.56;   1.69; 2021;  1; 2
   24.89;   1.59; 2021;  1; 3
   25.19;   1.45; 2021;  1; 4
   25.47;   1.26; 2021;  2; 0
   25.70;   1.03; 2021;  2; 1
   25.88;   0.78; 2021;  2; 2
   26.01;   0.50; 2021;  2; 3
   26.08;   0.21; 2021;  2; 4
   26.09;  -0.07; 2021;  3; 0
   26.05;  -0.35; 2021;  3; 1
   25.95;  -0.60; 2021;  3; 2
   25.81;  -0.82; 2021;  3; 3
   25.63;  -1.00; 2021;  3; 4
   25.41;  -1.15; 2021;  4; 0
   25.17;  -1.25; 2021;  4; 1
   24.91;  -1.32; 2021;  4; 2
   24.65;  -1.35; 2021;  4; 3
   24.38;  -1.35; 2021;  4; 4
   24.11;  -1.34; 2021;  5; 0
   23.84;  -1.31; 2021;  5; 1
   23.58;  -1.27; 2021;  5; 2
   23.33;  -1.24; 2021;  5; 3
   23.09;  -1.21; 2021;  5; 4
   22.85;  -1.18; 2021;  6; 0
   22.61;  -1.17; 2021;  6; 1
   22.38;  -1.16; 2021;  6; 2
   22.15;  -1.15; 2021;  6; 3
   21.92;  -1.15; 2021;  6; 4
   21.69;  -1.13; 2021;  7; 0
   21.47;  -1.11; 2021;  7; 1
   21.25;  -1.07; 2021;  7; 2
   21.04;  -1.02; 2021;  7; 3
   20.84;  -0.94; 2021;  7; 4
   20.66;  -0.84; 2021;  8; 0
   20.51;  -0.72; 2021;  8; 1
   20.38;  -0.58; 2021;  8; 2
   20.28;  -0.43; 2021;  8; 3
   20.21;  -0.27; 2021;  8; 4
   20.17;  -0.11; 2021;  9; 0
   20.16;   0.05; 2021;  9; 1
   20.19;   0.19; 2021;  9; 2
   20.24;   0.32; 2021;  9; 3
   20.32;   0.44; 2021;  9; 4
   20.41;   0.53; 2021; 10; 0
   20.53;   0.61; 2021; 10; 1
   20.66;   0.68; 2021; 10; 2
   20.80;   0.74; 2021; 10; 3
   20.96;   0.80; 2021; 10; 4
   21.12;   0.85; 2021; 11; 0
   21.30;   0.91; 2021; 11; 1
   21.48;   0.97; 2021; 11; 2
   21.69;   1.04; 2021; 11; 3
   21.90;   1.13; 2021; 11; 4
   22.14;   1.21; 2021; 12; 0
   22.39;   1.30; 2021; 12; 1
   22.66;   1.38; 2021; 12; 2
   22.94;   1.45; 2021; 12; 3
   23.24;   1.50; 2021; 12; 4
   23.54;   1.52; 2022;  1; 0
   23.84;   1.50; 2022;  1; 1
   24.14;   1.45; 2022;  1; 2
   24.42;   1.35; 2022;  1; 3
   24.67;   1.20; 2022;  1; 4
   24.90;   1.01; 2022;  2; 0
   25.08;   0.79; 2022;  2; 1
   25.21;   0.53; 2022;  2; 2
   25.29;   0.25; 2022;  2; 3
   25.31;  -0.03; 2022;  2; 4
   25.28;  -0.31; 2022;  3; 0
   25.19;  -0.58; 2022;  3; 1
   25.04;  -0.83; 2022;  3; 2
   24.86;  -1.05; 2022;  3; 3
   24.63;  -1.22; 2022;  3; 4
   24.37;  -1.36; 2022;  4; 0
   24.09;  -1.45; 2022;  4; 1
   23.79;  -1.50; 2022;  4; 2
   23.49;  -1.51; 2022;  4; 3
   23.19;  -1.50; 2022;  4; 4
   22.89;  -1.46; 2022;  5; 0
   22.60;  -1.41; 2022;  5; 1
   22.32;  -1.35; 2022;  5; 2
   22.06;  -1.30; 2022;  5; 3
   21.80;  -1.24; 2022;  5; 4
   21.56;  -1.20; 2022;  6; 0
   21.32;  -1.16; 2022;  6; 1
   21.09;  -1.13; 2022;  6; 2
   20.87;  -1.10; 2022;  6; 3
   20.65;  -1.08; 2022;  6; 4
   20.44;  -1.04; 2022;  7; 0
   20.24;  -1.00; 2022;  7; 1
   20.04;  -0.94; 2022;  7; 2
   19.86;  -0.86; 2022;  7; 3
   19.70;  -0.75; 2022;  7; 4
   19.56;  -0.63; 2022;  8; 0
   19.45;  -0.48; 2022;  8; 1
   19.37;  -0.31; 2022;  8; 2
   19.33;  -0.13; 2022;  8; 3
   19.32;   0.06; 2022;  8; 4
   19.35;   0.25; 2022;  9; 0
   19.42;   0.43; 2022;  9; 1
   19.52;   0.60; 2022;  9; 2
   19.66;   0.76; 2022;  9; 3
   19.82;   0.90; 2022;  9; 4
   20.02;   1.02; 2022; 10; 0
   20.23;   1.13; 2022; 10; 1
   20.47;   1.22; 2022; 10; 2
   20.72;   1.29; 2022; 10; 3
   20.98;   1.36; 2022; 10; 4
   21.26;   1.43; 2022; 11; 0
   21.56;   1.50; 2022; 11; 1
   21.87;   1.58; 2022; 11; 2
   22.19;   1.66; 2022; 11; 3
   22.53;   1.75; 2022; 11; 4
   22.89;   1.85; 2022; 12; 0
   23.27;   1.95; 2022; 12; 1
   23.67;   2.04; 2022; 12; 2
   24.09;   2.12; 2022; 12; 3
   24.52;   2.18; 2022; 12; 4
   24.96;   2.20; 2023;  1; 0
   25.40;   2.19; 2023;  1; 1
   25.84;   2.14; 2023;  1; 2
   26.25;   2.04; 2023;  1; 3
   26.65;   1.89; 2023;  1; 4
   27.01;   1.70; 2023;  2; 0
   27.33;   1.46; 2023;  2; 1
   27.59;   1.20; 2023;  2; 2
   27.80;   0.90; 2023;  2; 3
   27.95;   0.60; 2023;  2; 4
   28.04;   0.30; 2023;  3; 0
   28.07;   0.00; 2023;  3; 1
   28.05;  -0.27; 2023;  3; 2
   27.97;  -0.51; 2023;  3; 3
   27.85;  -0.71; 2023;  3; 4
   27.69;  -0.87; 2023;  4; 0
   27.50;  -0.99; 2023;  4; 1
   27.29;  -1.06; 2023;  4; 2
   27.08;  -1.11; 2023;  4; 3
   26.85;  -1.12; 2023;  4; 4
   26.63;  -1.11; 2023;  5; 0
   26.41;  -1.09; 2023;  5; 1
   26.19;  -1.06; 2023;  5; 2
   25.98;  -1.04; 2023;  5; 3
   25.78;  -1.02; 2023;  5; 4
   25.57;  -1.01; 2023;  6; 0
   25.37;  -1.01; 2023;  6; 1
   25.17;  -1.02; 2023;  6; 2
   24.96;  -1.04; 2023;  6; 3
   24.75;  -1.06; 2023;  6; 4
   24.54;  -1.07; 2023;  7; 0
   24.32;  -1.08; 2023;  7; 1
   24.11;  -1.06; 2023;  7; 2
   23.90;  -1.03; 2023;  7; 3
   23.70;  -0.97; 2023;  7; 4
   23.51;  -0.88; 2023;  8; 0
   23.35;  -0.77; 2023;  8; 1
   23.20;  -0.65; 2023;  8; 2
   23.09;  -0.50; 2023;  8; 3
   23.00;  -0.35; 2023;  8; 4
   22.95;  -0.19; 2023;  9; 0
   22.93;  -0.04; 2023;  9; 1
   22.93;   0.10; 2023;  9; 2
   22.97;   0.23; 2023;  9; 3
   23.02;   0.34; 2023;  9; 4
   23.10;   0.43; 2023; 10; 0
   23.20;   0.50; 2023; 10; 1
   23.30;   0.56; 2023; 10; 2
   23.42;   0.60; 2023; 10; 3
   23.54;   0.64; 2023; 10; 4
   23.68;   0.68; 2023; 11; 0
   23.82;   0.72; 2023; 11; 1
   23.97;   0.78; 2023; 11; 2
   24.13;   0.84; 2023; 11; 3
   24.30;   0.91; 2023; 11; 4
   24.49;   0.99; 2023; 12; 0
   24.70;   1.08; 2023; 12; 1
   24.93;   1.17; 2023; 12; 2
   25.17;   1.24; 2023; 12; 3
   25.42;   1.30; 2023; 12; 4
   25.69;   1.33; 2024;  1; 0
   25.95;   1.32; 2024;  1; 1
   26.21;   1.28; 2024;  1; 2
   26.46;   1.19; 2024;  1; 3
   26.68;   1.05; 2024;  1; 4
   26.88;   0.86; 2024;  2; 0
   27.03;   0.64; 2024;  2; 1
   27.13;   0.38; 2024;  2; 2
   27.18;   0.10; 2024;  2; 3
   27.17;  -0.19; 2024;  2; 4
   27.10;  -0.48; 2024;  3; 0
   26.98;  -0.76; 2024;  3; 1
   26.80;  -1.02; 2024;  3; 2
   26.57;  -1.24; 2024;  3; 3
   26.30;  -1.41; 2024;  3; 4
   26.01;  -1.55; 2024;  4; 0
   25.69;  -1.63; 2024;  4; 1
   25.36;  -1.68; 2024;  4; 2
   25.02;  -1.68; 2024;  4; 3
   24.68;  -1.66; 2024;  4; 4
   24.36;  -1.61; 2024;  5; 0
   24.04;  -1.54; 2024;  5; 1
   23.74;  -1.48; 2024;  5; 2
   23.45;  -1.41; 2024;  5; 3
   23.17;  -1.35; 2024;  5; 4
   22.91;  -1.30; 2024;  6; 0
   22.65;  -1.27; 2024;  6; 1
   22.40;  -1.25; 2024;  6; 2
   22.15;  -1.23; 2024;  6; 3
   21.91;  -1.22; 2024;  6; 4
   21.66;  -1.20; 2024;  7; 0
   21.43;  -1.17; 2024;  7; 1
   21.20;  -1.12; 2024;  7; 2
   20.98;  -1.06; 2024;  7; 3
   20.78;  -0.96; 2024;  7; 4
   20.59;  -0.84; 2024;  8; 0
   20.44;  -0.70; 2024;  8; 1
   20.32;  -0.53; 2024;  8; 2
   20.23;  -0.35; 2024;  8; 3
   20.18;  -0.16; 2024;  8; 4
   20.16;   0.04; 2024;  9; 0
   20.19;   0.22; 2024;  9; 1
   20.25;   0.40; 2024;  9; 2
   20.35;   0.56; 2024;  9; 3
   20.48;   0.70; 2024;  9; 4
   20.63;   0.81; 2024; 10; 0
   20.80;   0.90; 2024; 10; 1
   20.99;   0.98; 2024; 10; 2
   21.19;   1.03; 2024; 10; 3
   21.40;   1.08; 2024; 10; 4
   21.62;   1.13; 2024; 11; 0
   21.85;   1.17; 2024; 11; 1
   22.09;   1.23; 2024; 11; 2
   22.34;   1.29; 2024; 11; 3
   22.61;   1.37; 2024; 11; 4
   22.89;   1.46; 2024; 12; 0
   23.19;   1.55; 2024; 12; 1
   23.51;   1.64; 2024; 12; 2
   23.85;   1.72; 2024; 12; 3
   24.20;   1.78; 2024; 12; 4
   24.56;   1.82; 2025;  1; 0
   24.93;   1.82; 2025;  1; 1
   25.29;   1.77; 2025;  1; 2
   25.63;   1.68; 2025;  1; 3
   25.96;   1.53; 2025;  1; 4
   26.25;   1.34; 2025;  2; 0
   26.49;   1.10; 2025;  2; 1
   26.68;   0.82; 2025;  2; 2
   26.82;   0.52; 2025;  2; 3
   26.89;   0.20; 2025;  2; 4
   26.90;  -0.12; 2025;  3; 0
   26.84;  -0.42; 2025;  3; 1
   26.73;  -0.71; 2025;  3; 2
   26.56;  -0.95; 2025;  3; 3
   26.35;  -1.15; 2025;  3; 4
   26.10;  -1.31; 2025;  4; 0
   25.83;  -1.41; 2025;  4; 1
   25.54;  -1.47; 2025;  4; 2
   25.24;  -1.49; 2025;  4; 3
   24.95;  -1.48; 2025;  4; 4
   24.65;  -1.44; 2025;  5; 0
   24.37;  -1.38; 2025;  5; 1
   24.10;  -1.33; 2025;  5; 2
   23.84;  -1.27; 2025;  5; 3
   23.59;  -1.23; 2025;  5; 4
   23.35;  -1.20; 2025;  6; 0
   23.11;  -1.19; 2025;  6; 1
   22.87;  -1.19; 2025;  6; 2
   22.63;  -1.20; 2025;  6; 3
   22.39;  -1.21; 2025;  6; 4
   22.15;  -1.22; 2025;  7; 0
   21.90;  -1.22; 2025;  7; 1
   21.66;  -1.19; 2025;  7; 2
   21.43;  -1.14; 2025;  7; 3
   21.20;  -1.07; 2025;  7; 4
   21.00;  -0.95; 2025;  8; 0
   20.82;  -0.81; 2025;  8; 1
   20.68;  -0.65; 2025;  8; 2
   20.57;  -0.46; 2025;  8; 3
   20.49;  -0.25; 2025;  8; 4
   20.46;  -0.05; 2025;  9; 0
   20.48;   0.16; 2025;  9; 1
   20.53;   0.35; 2025;  9; 2
   20.61;   0.52; 2025;  9; 3
   20.73;   0.67; 2025;  9; 4
   20.88;   0.79; 2025; 10; 0
   21.05;   0.88; 2025; 10; 1
   21.23;   0.95; 2025; 10; 2
   21.43;   1.01; 2025; 10; 3
   21.63;   1.05; 2025; 10; 4
   21.85;   1.10; 2025; 11; 0
   22.07;   1.14; 2025; 11; 1
   22.31;   1.20; 2025; 11; 2
   22.56;   1.28; 2025; 11; 3
   22.82;   1.37; 2025; 11; 4
   23.11;   1.47; 2025; 12; 0
   23.41;   1.59; 2025; 12; 1
   23.74;   1.72; 2025; 12; 2
   24.10;   1.84; 2025; 12; 3
   24.48;   1.94; 2025; 12; 4
   24.88;   2.02; 2026;  1; 0
   25.28;   2.06; 2026;  1; 1
   25.70;   2.05; 2026;  1; 2
   26.10;   1.99; 2026;  1; 3
   26.49;   1.88; 2026;  1; 4
   26.85;   1.71; 2026;  2; 0
   27.17;   1.48; 2026;  2; 1
   27.44;   1.21; 2026;  2; 2
   27.66;   0.91; 2026;  2; 3
   27.81;   0.59; 2026;  2; 4
   27.89;   0.27; 2026;  3; 0
   27.92;  -0.04; 2026;  3; 1
   27.88;  -0.32; 2026;  3; 2
   27.79;  -0.55; 2026;  3; 3
   27.66;  -0.74; 2026;  3; 4
   27.50;  -0.87; 2026;  4; 0
   27.32;  -0.94; 2026;  4; 1
   27.13;  -0.96; 2026;  4; 2
   26.93;  -0.94; 2026;  4; 3
   26.75;  -0.87; 2026;  4; 4
   26.59;  -0.78; 2026;  5; 0
   26.44;  -0.69; 2026;  5; 1
   26.31;  -0.59; 2026;  5; 2
   26.20;  -0.52; 2026;  5; 3
   26.10;  -0.47; 2026;  5; 4
   26.01;  -0.45; 2026;  6; 0
